trial_id,timestamp_utc,family,variant,params_json,universe,data_source,data_range,split,cost_mult,n_periods,n_trades,cagr,sharpe_ann,sr_period,skew,kurt,max_dd,bench_sharpe,rationale,status,notes
5f05ce8f48,2026-09-30T05:18:10Z,trend_following_sma,sma200_next_close,"{""mode"": ""next_close"", ""n"": 200}",SP500_index_price_only,arch-bundled Yahoo ^GSPC 1999-2018 (price only) + Ken French RF,1999-12-15..2018-11-30,DEV+VAL,1.0,4772,72,0.04638637953727631,0.3269139680103234,0.020593644273062876,-0.6243439400660188,8.656621818985046,-0.21635093106480052,0.19910652017247424,economic: trend persistence from slow-moving capital/behavioural underreaction; equity drawdowns are avoided when trend turns negative,tested,Phase-1 demo; replication of a widely known rule
5f05ce8f48,2026-09-30T05:18:10Z,trend_following_sma,sma200_next_close,"{""mode"": ""next_close"", ""n"": 200}",SP500_index_price_only,arch-bundled Yahoo ^GSPC 1999-2018 (price only) + Ken French RF,1999-12-15..2018-11-30,DEV+VAL,2.0,4772,72,0.044675148506517326,0.31175153018578095,0.019638500469414812,-0.6270412701492012,8.655264712722747,-0.22002694745019735,0.19910652017247424,economic: trend persistence from slow-moving capital/behavioural underreaction; equity drawdowns are avoided when trend turns negative,tested,2x cost stress
03e89b57b3,2026-09-30T05:18:10Z,trend_following_sma,sma200_same_close,"{""mode"": ""same_close"", ""n"": 200}",SP500_index_price_only,arch-bundled Yahoo ^GSPC 1999-2018 (price only) + Ken French RF,1999-12-15..2018-11-30,DEV+VAL,1.0,4772,72,0.03420649038852219,0.2184462011268456,0.013760817214962641,-0.6225275193237517,9.258463203823014,-0.2035143611501713,0.19910652017247424,economic: trend persistence from slow-moving capital/behavioural underreaction; equity drawdowns are avoided when trend turns negative,tested,execution-timing variant (trade at the signal bar's close)
2090812753,2026-09-30T05:18:10Z,trend_following_sma,sma160_next_close,"{""mode"": ""next_close"", ""n"": 160}",SP500_index_price_only,arch-bundled Yahoo ^GSPC 1999-2018 (price only) + Ken French RF,1999-12-15..2018-11-30,DEV+VAL,1.0,4772,96,0.041548191570756954,0.2852243591061865,0.017967445763160724,-0.5914899371564968,8.936401666315817,-0.2049379182050135,0.19910652017247424,economic: trend persistence from slow-moving capital/behavioural underreaction; equity drawdowns are avoided when trend turns negative,tested,+-20% robustness variant
4747bc4aed,2026-09-30T05:18:10Z,trend_following_sma,sma240_next_close,"{""mode"": ""next_close"", ""n"": 240}",SP500_index_price_only,arch-bundled Yahoo ^GSPC 1999-2018 (price only) + Ken French RF,1999-12-15..2018-11-30,DEV+VAL,1.0,4772,60,0.03811365998284688,0.25259337517257396,0.015911886988787323,-0.6297414620934753,8.534082795231793,-0.19416331219448368,0.19910652017247424,economic: trend persistence from slow-moving capital/behavioural underreaction; equity drawdowns are avoided when trend turns negative,tested,+-20% robustness variant
f4bf9e828d,2026-09-30T05:19:33Z,vol_risk_premium,cash_secured_puts_covered_calls_iron_condors_0dte,{},SPY/SPX options,n/a,n/a,n/a,1.0,,,,,,,,,,economic (see RESEARCH_LOG idea backlog),needs_data,"needs data: historical option BID/ASK quotes (OPRA). Candidates: Massive/Polygon options plan (user's current plan does not entitle even 2yr equity history; options tier ~$29-199/mo, verify), CBOE DataShop (paid, $$$), ThetaData (~$40-160/mo). Also: SPY-size CSP needs ~$59k cash -> infeasible at $2-10k; only defined-risk spreads / low-priced underlyings fit."
dbe5827ef4,2026-09-30T05:19:33Z,vol_risk_premium,vix_term_structure_short_vol_etps,{},VIX futures / SVXY / VXX / UVXY,n/a,n/a,n/a,1.0,,,,,,,,,,economic (see RESEARCH_LOG idea backlog),needs_data,"needs data: VIX futures settlement history (CBOE, free but host blocked) + ETP daily prices (Yahoo/Stooq, blocked). Testable once network opens. NOTE Feb-2018 XIV -96% in one day => single-event 25% rule likely fails for inverse-vol products."
e58bc06a90,2026-09-30T05:19:33Z,crypto_carry,perp_funding_rate_and_futures_basis,{},BTC/ETH perps & futures,n/a,n/a,n/a,1.0,,,,,,,,,,economic (see RESEARCH_LOG idea backlog),needs_data,"needs data: funding-rate history (exchange public APIs, blocked) AND legality check: offshore perps are not available to US persons; US-legal route would be CME/Coinbase-Derivatives futures basis (data: CME/Coinbase Derivatives, paid). Low priority."
de9c2cb22e,2026-09-30T05:19:33Z,prediction_markets,longshot_bias_kalshi_polymarket,{},Kalshi / Polymarket US,n/a,n/a,n/a,1.0,,,,,,,,,,economic (see RESEARCH_LOG idea backlog),needs_data,needs data: settled-market price histories (Kalshi & Polymarket public APIs; hosts blocked). Loaders not written yet because API shapes must be inspected live.
a36988a117,2026-09-30T05:19:33Z,prediction_markets,kalshi_weather_vs_noaa_forecast,{},Kalshi weather markets,n/a,n/a,n/a,1.0,,,,,,,,,,economic (see RESEARCH_LOG idea backlog),needs_data,"needs data: Kalshi weather market history + ARCHIVED point-in-time NWS/NBM/GFS-MOS forecasts (Iowa Environmental Mesonet MOS archive is free; hosts blocked) + GHCN-D observations for settlement (NCEI, blocked)."
d2ec8c899f,2026-09-30T05:19:33Z,latency_arbitrage,cross_venue_and_sub_second,{},crypto/prediction/equities,n/a,n/a,n/a,1.0,,,,,,,,,,economic (see RESEARCH_LOG idea backlog),needs_data,"needs data: tick/L2 data (paid, $$$). Structural view logged, not tested: retail-latency (>50ms, retail fee tiers 0.4-0.9% crypto / Kalshi ~1.75c at 50c) cannot capture sub-second dislocations -> presumed dead after fees; confirm cheaply once any tick sample is available."
62dbe3fcec,2026-09-30T05:19:33Z,post_earnings_drift,PEAD_earnings_surprise,{},US single stocks,n/a,n/a,n/a,1.0,,,,,,,,,,economic (see RESEARCH_LOG idea backlog),needs_data,needs data: point-in-time earnings dates + consensus surprise history (free sources are survivorship-biased and often lack estimates; SEC EDGAR XBRL is free but blocked; Sharadar/IBES paid).
f5237921c2,2026-09-30T05:19:33Z,cross_sectional_momentum,stock_momentum_and_short_term_reversal_single_stocks,{},US single stocks,n/a,n/a,n/a,1.0,,,,,,,,,,economic (see RESEARCH_LOG idea backlog),needs_data,needs data: delisted-inclusive price history (survivorship). Free Yahoo/Stooq only list current tickers -> biased upward. Options: CRSP/Sharadar (paid) or Massive tickers?active=false (needs paid plan). ETF-based (sector/country/asset-class) versions ARE testable for free.
0461ead928,2026-09-30T05:38:36Z,trend_sma,SPY_sma100,"{""exec"": ""next_open"", ""n"": 100}",SPY,"yahoo chart API (adj close = dividend+split adjusted), fetched 2026-09-30",1994-04-15..2023-12-29,DEVELOPMENT,1.0,4964,113,0.06869222712543555,0.3824893558340004,0.024094564634906123,-0.5382815972450328,9.191393660326284,-0.46221242474223123,0.4136734205776378,"economic: slow-moving institutional/behavioural under-reaction and forced de-risking create multi-month autocorrelation; counterparty = late/price-insensitive holders. Literature: Moskowitz-Ooi-Pedersen 2012, Faber 2007.",tested,
0461ead928,2026-09-30T05:38:36Z,trend_sma,SPY_sma100,"{""exec"": ""next_open"", ""n"": 100}",SPY,"yahoo chart API (adj close = dividend+split adjusted), fetched 2026-09-30",1994-04-15..2023-12-29,VALIDATION,1.0,2516,57,0.07615089275673514,0.610023202279535,0.03842784969549761,-1.0391269539698593,9.181831119707963,-0.17425937235070887,0.6595951165388584,"economic: slow-moving institutional/behavioural under-reaction and forced de-risking create multi-month autocorrelation; counterparty = late/price-insensitive holders. Literature: Moskowitz-Ooi-Pedersen 2012, Faber 2007.",tested,
0461ead928,2026-09-30T05:38:36Z,trend_sma,SPY_sma100,"{""exec"": ""next_open"", ""n"": 100}",SPY,"yahoo chart API (adj close = dividend+split adjusted), fetched 2026-09-30",1994-04-15..2023-12-29,DEV+VAL,1.0,7480,170,0.07119526336598003,0.4546887223197273,0.028642697219135763,-0.6825940440209156,9.238403452889553,-0.46221242474223123,0.4891488999362389,"economic: slow-moving institutional/behavioural under-reaction and forced de-risking create multi-month autocorrelation; counterparty = late/price-insensitive holders. Literature: Moskowitz-Ooi-Pedersen 2012, Faber 2007.",tested,
36eea21ca3,2026-09-30T05:38:37Z,trend_sma,SPY_sma150,"{""exec"": ""next_open"", ""n"": 150}",SPY,"yahoo chart API (adj close = dividend+split adjusted), fetched 2026-09-30",1994-04-15..2023-12-29,DEVELOPMENT,1.0,4964,103,0.07015743046047529,0.3870430011646864,0.0243814173278534,-0.458479719460167,8.846378769899273,-0.33299927797252626,0.4136734205776378,"economic: slow-moving institutional/behavioural under-reaction and forced de-risking create multi-month autocorrelation; counterparty = late/price-insensitive holders. Literature: Moskowitz-Ooi-Pedersen 2012, Faber 2007.",tested,
36eea21ca3,2026-09-30T05:38:37Z,trend_sma,SPY_sma150,"{""exec"": ""next_open"", ""n"": 150}",SPY,"yahoo chart API (adj close = dividend+split adjusted), fetched 2026-09-30",1994-04-15..2023-12-29,VALIDATION,1.0,2516,40,0.06606681125595193,0.4967495223919993,0.03129227857474622,-0.994573181425204,8.102488380798173,-0.20049945896322485,0.6595951165388584,"economic: slow-moving institutional/behavioural under-reaction and forced de-risking create multi-month autocorrelation; counterparty = late/price-insensitive holders. Literature: Moskowitz-Ooi-Pedersen 2012, Faber 2007.",tested,
36eea21ca3,2026-09-30T05:38:37Z,trend_sma,SPY_sma150,"{""exec"": ""next_open"", ""n"": 150}",SPY,"yahoo chart API (adj close = dividend+split adjusted), fetched 2026-09-30",1994-04-15..2023-12-29,DEV+VAL,1.0,7480,143,0.06877974602344028,0.4229880098418676,0.02664574003818388,-0.6256439574239213,8.63232767946204,-0.33299927797252626,0.4891488999362389,"economic: slow-moving institutional/behavioural under-reaction and forced de-risking create multi-month autocorrelation; counterparty = late/price-insensitive holders. Literature: Moskowitz-Ooi-Pedersen 2012, Faber 2007.",tested,
3b80ddc34b,2026-09-30T05:38:37Z,trend_sma,SPY_sma200,"{""exec"": ""next_open"", ""n"": 200}",SPY,"yahoo chart API (adj close = dividend+split adjusted), fetched 2026-09-30",1994-04-15..2023-12-29,DEVELOPMENT,1.0,4964,75,0.0840023064762545,0.4844948291617597,0.030520305463303345,-0.3788522069081024,9.213299876710323,-0.24189405895864835,0.4136734205776378,"economic: slow-moving institutional/behavioural under-reaction and forced de-risking create multi-month autocorrelation; counterparty = late/price-insensitive holders. Literature: Moskowitz-Ooi-Pedersen 2012, Faber 2007.",tested,
3b80ddc34b,2026-09-30T05:38:37Z,trend_sma,SPY_sma200,"{""exec"": ""next_open"", ""n"": 200}",SPY,"yahoo chart API (adj close = dividend+split adjusted), fetched 2026-09-30",1994-04-15..2023-12-29,VALIDATION,1.0,2516,29,0.07804701018905114,0.5914811999531358,0.03725981333919205,-0.9754280138870939,7.955360927717089,-0.19380038471548444,0.6595951165388584,"economic: slow-moving institutional/behavioural under-reaction and forced de-risking create multi-month autocorrelation; counterparty = late/price-insensitive holders. Literature: Moskowitz-Ooi-Pedersen 2012, Faber 2007.",tested,
3b80ddc34b,2026-09-30T05:38:37Z,trend_sma,SPY_sma200,"{""exec"": ""next_open"", ""n"": 200}",SPY,"yahoo chart API (adj close = dividend+split adjusted), fetched 2026-09-30",1994-04-15..2023-12-29,DEV+VAL,1.0,7480,104,0.08199549857417887,0.5189301148355566,0.032689524563739816,-0.5570333457172548,8.881489276852461,-0.24189405895864835,0.4891488999362389,"economic: slow-moving institutional/behavioural under-reaction and forced de-risking create multi-month autocorrelation; counterparty = late/price-insensitive holders. Literature: Moskowitz-Ooi-Pedersen 2012, Faber 2007.",tested,
93df84b715,2026-09-30T05:38:37Z,trend_sma,SPY_sma250,"{""exec"": ""next_open"", ""n"": 250}",SPY,"yahoo chart API (adj close = dividend+split adjusted), fetched 2026-09-30",1994-04-15..2023-12-29,DEVELOPMENT,1.0,4964,53,0.0900368522536159,0.5188079057346392,0.03268182611400229,-0.5286930113545373,10.054236490272174,-0.25097804291332093,0.4136734205776378,"economic: slow-moving institutional/behavioural under-reaction and forced de-risking create multi-month autocorrelation; counterparty = late/price-insensitive holders. Literature: Moskowitz-Ooi-Pedersen 2012, Faber 2007.",tested,
93df84b715,2026-09-30T05:38:37Z,trend_sma,SPY_sma250,"{""exec"": ""next_open"", ""n"": 250}",SPY,"yahoo chart API (adj close = dividend+split adjusted), fetched 2026-09-30",1994-04-15..2023-12-29,VALIDATION,1.0,2516,27,0.06714434326666918,0.4856705301090987,0.03059436766146625,-1.2735537895328128,11.337205396696573,-0.25470589222394013,0.6595951165388584,"economic: slow-moving institutional/behavioural under-reaction and forced de-risking create multi-month autocorrelation; counterparty = late/price-insensitive holders. Literature: Moskowitz-Ooi-Pedersen 2012, Faber 2007.",tested,
93df84b715,2026-09-30T05:38:37Z,trend_sma,SPY_sma250,"{""exec"": ""next_open"", ""n"": 250}",SPY,"yahoo chart API (adj close = dividend+split adjusted), fetched 2026-09-30",1994-04-15..2023-12-29,DEV+VAL,1.0,7480,80,0.08228235034665587,0.5078758294247823,0.03199317003711033,-0.762779142506782,10.464565617159726,-0.25470589222394013,0.4891488999362389,"economic: slow-moving institutional/behavioural under-reaction and forced de-risking create multi-month autocorrelation; counterparty = late/price-insensitive holders. Literature: Moskowitz-Ooi-Pedersen 2012, Faber 2007.",tested,
cbbcd53861,2026-09-30T05:38:37Z,trend_sma,SPY_sma300,"{""exec"": ""next_open"", ""n"": 300}",SPY,"yahoo chart API (adj close = dividend+split adjusted), fetched 2026-09-30",1994-04-15..2023-12-29,DEVELOPMENT,1.0,4964,30,0.10866852974369934,0.636895941125727,0.04012067312488354,-0.4415784386275974,9.586622560580444,-0.2512845028693853,0.4136734205776378,"economic: slow-moving institutional/behavioural under-reaction and forced de-risking create multi-month autocorrelation; counterparty = late/price-insensitive holders. Literature: Moskowitz-Ooi-Pedersen 2012, Faber 2007.",tested,
cbbcd53861,2026-09-30T05:38:37Z,trend_sma,SPY_sma300,"{""exec"": ""next_open"", ""n"": 300}",SPY,"yahoo chart API (adj close = dividend+split adjusted), fetched 2026-09-30",1994-04-15..2023-12-29,VALIDATION,1.0,2516,20,0.08421370063105926,0.6037769616269217,0.038034373519405314,-1.156861325497019,11.7423168241917,-0.19687490028500998,0.6595951165388584,"economic: slow-moving institutional/behavioural under-reaction and forced de-risking create multi-month autocorrelation; counterparty = late/price-insensitive holders. Literature: Moskowitz-Ooi-Pedersen 2012, Faber 2007.",tested,
cbbcd53861,2026-09-30T05:38:37Z,trend_sma,SPY_sma300,"{""exec"": ""next_open"", ""n"": 300}",SPY,"yahoo chart API (adj close = dividend+split adjusted), fetched 2026-09-30",1994-04-15..2023-12-29,DEV+VAL,1.0,7480,50,0.10038186148001693,0.6259793567317191,0.03943299294695988,-0.6630077620273519,10.256404243255716,-0.2512845028693853,0.4891488999362389,"economic: slow-moving institutional/behavioural under-reaction and forced de-risking create multi-month autocorrelation; counterparty = late/price-insensitive holders. Literature: Moskowitz-Ooi-Pedersen 2012, Faber 2007.",tested,
60d524aa18,2026-09-30T05:38:37Z,trend_mom,SPY_mom126,"{""exec"": ""next_open"", ""n"": 126}",SPY,"yahoo chart API (adj close = dividend+split adjusted), fetched 2026-09-30",1994-04-15..2023-12-29,DEVELOPMENT,1.0,4964,60,0.10432137474953151,0.633804675070094,0.03992594166727543,-0.4146431868759502,8.897271190752864,-0.2168171456983995,0.4136734205776378,"economic: slow-moving institutional/behavioural under-reaction and forced de-risking create multi-month autocorrelation; counterparty = late/price-insensitive holders. Literature: Moskowitz-Ooi-Pedersen 2012, Faber 2007.",tested,
60d524aa18,2026-09-30T05:38:37Z,trend_mom,SPY_mom126,"{""exec"": ""next_open"", ""n"": 126}",SPY,"yahoo chart API (adj close = dividend+split adjusted), fetched 2026-09-30",1994-04-15..2023-12-29,VALIDATION,1.0,2516,41,0.07601578301571466,0.5619812263867662,0.03540148967872555,-1.1037978093574046,12.463331828559106,-0.18948369131490717,0.6595951165388584,"economic: slow-moving institutional/behavioural under-reaction and forced de-risking create multi-month autocorrelation; counterparty = late/price-insensitive holders. Literature: Moskowitz-Ooi-Pedersen 2012, Faber 2007.",tested,
60d524aa18,2026-09-30T05:38:37Z,trend_mom,SPY_mom126,"{""exec"": ""next_open"", ""n"": 126}",SPY,"yahoo chart API (adj close = dividend+split adjusted), fetched 2026-09-30",1994-04-15..2023-12-29,DEV+VAL,1.0,7480,101,0.09471825561735403,0.6100825349284255,0.0384315873010593,-0.6330184724410501,10.021219548658108,-0.2168171456983995,0.4891488999362389,"economic: slow-moving institutional/behavioural under-reaction and forced de-risking create multi-month autocorrelation; counterparty = late/price-insensitive holders. Literature: Moskowitz-Ooi-Pedersen 2012, Faber 2007.",tested,
3fdeece0ae,2026-09-30T05:38:37Z,trend_mom,SPY_mom189,"{""exec"": ""next_open"", ""n"": 189}",SPY,"yahoo chart API (adj close = dividend+split adjusted), fetched 2026-09-30",1994-04-15..2023-12-29,DEVELOPMENT,1.0,4964,45,0.09976556944578419,0.5668344223575311,0.035707212288309,-0.31578143479746495,9.817869153511472,-0.29949869204369817,0.4136734205776378,"economic: slow-moving institutional/behavioural under-reaction and forced de-risking create multi-month autocorrelation; counterparty = late/price-insensitive holders. Literature: Moskowitz-Ooi-Pedersen 2012, Faber 2007.",tested,
3fdeece0ae,2026-09-30T05:38:37Z,trend_mom,SPY_mom189,"{""exec"": ""next_open"", ""n"": 189}",SPY,"yahoo chart API (adj close = dividend+split adjusted), fetched 2026-09-30",1994-04-15..2023-12-29,VALIDATION,1.0,2516,31,0.08116599679868486,0.5724378323094723,0.03606019393656568,-1.2597377934941685,12.765186247048955,-0.2577734112016459,0.6595951165388584,"economic: slow-moving institutional/behavioural under-reaction and forced de-risking create multi-month autocorrelation; counterparty = late/price-insensitive holders. Literature: Moskowitz-Ooi-Pedersen 2012, Faber 2007.",tested,
3fdeece0ae,2026-09-30T05:38:37Z,trend_mom,SPY_mom189,"{""exec"": ""next_open"", ""n"": 189}",SPY,"yahoo chart API (adj close = dividend+split adjusted), fetched 2026-09-30",1994-04-15..2023-12-29,DEV+VAL,1.0,7480,76,0.09347390780558329,0.5686087541244699,0.03581898468351475,-0.6084645394608459,10.728025082221302,-0.29949869204369817,0.4891488999362389,"economic: slow-moving institutional/behavioural under-reaction and forced de-risking create multi-month autocorrelation; counterparty = late/price-insensitive holders. Literature: Moskowitz-Ooi-Pedersen 2012, Faber 2007.",tested,
3e5e7defa5,2026-09-30T05:38:37Z,trend_mom,SPY_mom252,"{""exec"": ""next_open"", ""n"": 252}",SPY,"yahoo chart API (adj close = dividend+split adjusted), fetched 2026-09-30",1994-04-15..2023-12-29,DEVELOPMENT,1.0,4964,22,0.11735128150461893,0.6616230618654713,0.041678335318122366,-0.27722896480255577,9.88574625429246,-0.19790721001967126,0.4136734205776378,"economic: slow-moving institutional/behavioural under-reaction and forced de-risking create multi-month autocorrelation; counterparty = late/price-insensitive holders. Literature: Moskowitz-Ooi-Pedersen 2012, Faber 2007.",tested,
3e5e7defa5,2026-09-30T05:38:37Z,trend_mom,SPY_mom252,"{""exec"": ""next_open"", ""n"": 252}",SPY,"yahoo chart API (adj close = dividend+split adjusted), fetched 2026-09-30",1994-04-15..2023-12-29,VALIDATION,1.0,2516,26,0.07807144501870278,0.5228352056767296,0.032935522164046,-1.296691021433521,16.338286277948367,-0.2837535461958526,0.6595951165388584,"economic: slow-moving institutional/behavioural under-reaction and forced de-risking create multi-month autocorrelation; counterparty = late/price-insensitive holders. Literature: Moskowitz-Ooi-Pedersen 2012, Faber 2007.",tested,
3e5e7defa5,2026-09-30T05:38:37Z,trend_mom,SPY_mom252,"{""exec"": ""next_open"", ""n"": 252}",SPY,"yahoo chart API (adj close = dividend+split adjusted), fetched 2026-09-30",1994-04-15..2023-12-29,DEV+VAL,1.0,7480,48,0.10398177620591897,0.6154320961864308,0.03876857798467806,-0.6092454723072578,11.983024316889157,-0.2837535461958528,0.4891488999362389,"economic: slow-moving institutional/behavioural under-reaction and forced de-risking create multi-month autocorrelation; counterparty = late/price-insensitive holders. Literature: Moskowitz-Ooi-Pedersen 2012, Faber 2007.",tested,
30af682f1f,2026-09-30T05:38:37Z,trend_cross,SPY_sma50x200,"{""exec"": ""next_open"", ""fast"": 50, ""slow"": 200}",SPY,"yahoo chart API (adj close = dividend+split adjusted), fetched 2026-09-30",1994-04-15..2023-12-29,DEVELOPMENT,1.0,4964,9,0.1147285198371224,0.6692688719437013,0.04215997608094684,-0.32814088291073834,10.787520178611194,-0.190301100932042,0.4136734205776378,"economic: slow-moving institutional/behavioural under-reaction and forced de-risking create multi-month autocorrelation; counterparty = late/price-insensitive holders. Literature: Moskowitz-Ooi-Pedersen 2012, Faber 2007.",tested,
30af682f1f,2026-09-30T05:38:37Z,trend_cross,SPY_sma50x200,"{""exec"": ""next_open"", ""fast"": 50, ""slow"": 200}",SPY,"yahoo chart API (adj close = dividend+split adjusted), fetched 2026-09-30",1994-04-15..2023-12-29,VALIDATION,1.0,2516,5,0.0750808593477752,0.4842396182008997,0.030504228683915408,-0.9913015042392325,28.24587032497152,-0.33717275321149776,0.6595951165388584,"economic: slow-moving institutional/behavioural under-reaction and forced de-risking create multi-month autocorrelation; counterparty = late/price-insensitive holders. Literature: Moskowitz-Ooi-Pedersen 2012, Faber 2007.",tested,
30af682f1f,2026-09-30T05:38:37Z,trend_cross,SPY_sma50x200,"{""exec"": ""next_open"", ""fast"": 50, ""slow"": 200}",SPY,"yahoo chart API (adj close = dividend+split adjusted), fetched 2026-09-30",1994-04-15..2023-12-29,DEV+VAL,1.0,7480,14,0.10123191949604005,0.6030614946360103,0.03798930333537609,-0.5930150294819374,18.157761451053382,-0.3371727532114981,0.4891488999362389,"economic: slow-moving institutional/behavioural under-reaction and forced de-risking create multi-month autocorrelation; counterparty = late/price-insensitive holders. Literature: Moskowitz-Ooi-Pedersen 2012, Faber 2007.",tested,
b9f64e24c7,2026-09-30T05:38:38Z,trend_cross,SPY_sma20x100,"{""exec"": ""next_open"", ""fast"": 20, ""slow"": 100}",SPY,"yahoo chart API (adj close = dividend+split adjusted), fetched 2026-09-30",1994-04-15..2023-12-29,DEVELOPMENT,1.0,4964,32,0.07373668957363777,0.4072659979479676,0.025655346381496764,-0.3489982445238579,9.405873955866554,-0.32601531425375163,0.4136734205776378,"economic: slow-moving institutional/behavioural under-reaction and forced de-risking create multi-month autocorrelation; counterparty = late/price-insensitive holders. Literature: Moskowitz-Ooi-Pedersen 2012, Faber 2007.",tested,
b9f64e24c7,2026-09-30T05:38:38Z,trend_cross,SPY_sma20x100,"{""exec"": ""next_open"", ""fast"": 20, ""slow"": 100}",SPY,"yahoo chart API (adj close = dividend+split adjusted), fetched 2026-09-30",1994-04-15..2023-12-29,VALIDATION,1.0,2516,13,0.04673655943147681,0.3248029820487539,0.02046066465698046,-1.2884776823872908,14.083167952995948,-0.26941162315118405,0.6595951165388584,"economic: slow-moving institutional/behavioural under-reaction and forced de-risking create multi-month autocorrelation; counterparty = late/price-insensitive holders. Literature: Moskowitz-Ooi-Pedersen 2012, Faber 2007.",tested,
b9f64e24c7,2026-09-30T05:38:38Z,trend_cross,SPY_sma20x100,"{""exec"": ""next_open"", ""fast"": 20, ""slow"": 100}",SPY,"yahoo chart API (adj close = dividend+split adjusted), fetched 2026-09-30",1994-04-15..2023-12-29,DEV+VAL,1.0,7480,45,0.06457797489794292,0.37929199905540684,0.023893150089932192,-0.6737741059032205,11.048220241341376,-0.32601531425375163,0.4891488999362389,"economic: slow-moving institutional/behavioural under-reaction and forced de-risking create multi-month autocorrelation; counterparty = late/price-insensitive holders. Literature: Moskowitz-Ooi-Pedersen 2012, Faber 2007.",tested,
60cd01a759,2026-09-30T05:38:38Z,trend_cross,SPY_sma40x160,"{""exec"": ""next_open"", ""fast"": 40, ""slow"": 160}",SPY,"yahoo chart API (adj close = dividend+split adjusted), fetched 2026-09-30",1994-04-15..2023-12-29,DEVELOPMENT,1.0,4964,16,0.09690760952893251,0.5589062562974204,0.03520778477050243,-0.3152552821649031,10.1674311141601,-0.26827909471292655,0.4136734205776378,"economic: slow-moving institutional/behavioural under-reaction and forced de-risking create multi-month autocorrelation; counterparty = late/price-insensitive holders. Literature: Moskowitz-Ooi-Pedersen 2012, Faber 2007.",tested,
60cd01a759,2026-09-30T05:38:38Z,trend_cross,SPY_sma40x160,"{""exec"": ""next_open"", ""fast"": 40, ""slow"": 160}",SPY,"yahoo chart API (adj close = dividend+split adjusted), fetched 2026-09-30",1994-04-15..2023-12-29,VALIDATION,1.0,2516,6,0.07908770599573844,0.5236924143664391,0.0329895212358235,-1.5107841040768732,27.56817767517847,-0.337172753211498,0.6595951165388584,"economic: slow-moving institutional/behavioural under-reaction and forced de-risking create multi-month autocorrelation; counterparty = late/price-insensitive holders. Literature: Moskowitz-Ooi-Pedersen 2012, Faber 2007.",tested,
60cd01a759,2026-09-30T05:38:38Z,trend_cross,SPY_sma40x160,"{""exec"": ""next_open"", ""fast"": 40, ""slow"": 160}",SPY,"yahoo chart API (adj close = dividend+split adjusted), fetched 2026-09-30",1994-04-15..2023-12-29,DEV+VAL,1.0,7480,22,0.09088103674288295,0.5462090893708454,0.03440793843615025,-0.7785120701376432,17.26780148247929,-0.33717275321149787,0.4891488999362389,"economic: slow-moving institutional/behavioural under-reaction and forced de-risking create multi-month autocorrelation; counterparty = late/price-insensitive holders. Literature: Moskowitz-Ooi-Pedersen 2012, Faber 2007.",tested,
161e79a52a,2026-09-30T05:38:44Z,trend_sma_related,QQQ_sma160,"{""asset"": ""QQQ"", ""exec"": ""next_open"", ""n"": 160}",QQQ,"yahoo chart API (adj close = dividend+split adjusted), fetched 2026-09-30",2000-06-01..2023-12-29,DEVELOPMENT,1.0,3417,67,0.03889199481375116,0.20790762260124304,0.013096949168513354,-0.4597553156248455,6.831594368086209,-0.4711267173356084,0.19732458376143658,"economic: slow-moving institutional/behavioural under-reaction and forced de-risking create multi-month autocorrelation; counterparty = late/price-insensitive holders. Literature: Moskowitz-Ooi-Pedersen 2012, Faber 2007.",tested,related-asset robustness of the SMA rule (benchmark is still SPY buy&hold)
161e79a52a,2026-09-30T05:38:44Z,trend_sma_related,QQQ_sma160,"{""asset"": ""QQQ"", ""exec"": ""next_open"", ""n"": 160}",QQQ,"yahoo chart API (adj close = dividend+split adjusted), fetched 2026-09-30",2000-06-01..2023-12-29,VALIDATION,1.0,2516,23,0.16286755172817502,0.965009819383264,0.060789904638654156,-0.6891984282251762,7.944296391766858,-0.23428008181980342,0.6595951165388584,"economic: slow-moving institutional/behavioural under-reaction and forced de-risking create multi-month autocorrelation; counterparty = late/price-insensitive holders. Literature: Moskowitz-Ooi-Pedersen 2012, Faber 2007.",tested,related-asset robustness of the SMA rule (benchmark is still SPY buy&hold)
161e79a52a,2026-09-30T05:38:44Z,trend_sma_related,QQQ_sma160,"{""asset"": ""QQQ"", ""exec"": ""next_open"", ""n"": 160}",QQQ,"yahoo chart API (adj close = dividend+split adjusted), fetched 2026-09-30",2000-06-01..2023-12-29,DEV+VAL,1.0,5933,90,0.08976472042211436,0.536551255384858,0.03379955208066286,-0.5611902572515441,7.344016818861757,-0.4711267173356084,0.37335586986314373,"economic: slow-moving institutional/behavioural under-reaction and forced de-risking create multi-month autocorrelation; counterparty = late/price-insensitive holders. Literature: Moskowitz-Ooi-Pedersen 2012, Faber 2007.",tested,related-asset robustness of the SMA rule (benchmark is still SPY buy&hold)
a242933a97,2026-09-30T05:38:44Z,trend_sma_related,QQQ_sma200,"{""asset"": ""QQQ"", ""exec"": ""next_open"", ""n"": 200}",QQQ,"yahoo chart API (adj close = dividend+split adjusted), fetched 2026-09-30",2000-06-01..2023-12-29,DEVELOPMENT,1.0,3417,62,0.05164996048349524,0.29231338434990917,0.018414012378226183,-0.4699943462967474,7.0924844065691,-0.3380219565947732,0.19732458376143658,"economic: slow-moving institutional/behavioural under-reaction and forced de-risking create multi-month autocorrelation; counterparty = late/price-insensitive holders. Literature: Moskowitz-Ooi-Pedersen 2012, Faber 2007.",tested,related-asset robustness of the SMA rule (benchmark is still SPY buy&hold)
a242933a97,2026-09-30T05:38:44Z,trend_sma_related,QQQ_sma200,"{""asset"": ""QQQ"", ""exec"": ""next_open"", ""n"": 200}",QQQ,"yahoo chart API (adj close = dividend+split adjusted), fetched 2026-09-30",2000-06-01..2023-12-29,VALIDATION,1.0,2516,26,0.12533093281287178,0.733132402418302,0.046183000354337034,-0.8798522036868935,9.105938602562587,-0.260174882471118,0.6595951165388584,"economic: slow-moving institutional/behavioural under-reaction and forced de-risking create multi-month autocorrelation; counterparty = late/price-insensitive holders. Literature: Moskowitz-Ooi-Pedersen 2012, Faber 2007.",tested,related-asset robustness of the SMA rule (benchmark is still SPY buy&hold)
a242933a97,2026-09-30T05:38:44Z,trend_sma_related,QQQ_sma200,"{""asset"": ""QQQ"", ""exec"": ""next_open"", ""n"": 200}",QQQ,"yahoo chart API (adj close = dividend+split adjusted), fetched 2026-09-30",2000-06-01..2023-12-29,DEV+VAL,1.0,5933,88,0.0822875638372551,0.4893250915738331,0.030824583394482612,-0.6719116957148554,8.203363112960341,-0.3380219565947732,0.37335586986314373,"economic: slow-moving institutional/behavioural under-reaction and forced de-risking create multi-month autocorrelation; counterparty = late/price-insensitive holders. Literature: Moskowitz-Ooi-Pedersen 2012, Faber 2007.",tested,related-asset robustness of the SMA rule (benchmark is still SPY buy&hold)
49612016e2,2026-09-30T05:38:44Z,trend_sma_related,QQQ_sma240,"{""asset"": ""QQQ"", ""exec"": ""next_open"", ""n"": 240}",QQQ,"yahoo chart API (adj close = dividend+split adjusted), fetched 2026-09-30",2000-06-01..2023-12-29,DEVELOPMENT,1.0,3417,36,0.08275713568683907,0.48681558153723375,0.03066649912140017,-0.3252485534078759,8.784389346354953,-0.2548101486680908,0.19732458376143658,"economic: slow-moving institutional/behavioural under-reaction and forced de-risking create multi-month autocorrelation; counterparty = late/price-insensitive holders. Literature: Moskowitz-Ooi-Pedersen 2012, Faber 2007.",tested,related-asset robustness of the SMA rule (benchmark is still SPY buy&hold)
49612016e2,2026-09-30T05:38:44Z,trend_sma_related,QQQ_sma240,"{""asset"": ""QQQ"", ""exec"": ""next_open"", ""n"": 240}",QQQ,"yahoo chart API (adj close = dividend+split adjusted), fetched 2026-09-30",2000-06-01..2023-12-29,VALIDATION,1.0,2516,27,0.11872569740499084,0.6929957721225893,0.043654630301322835,-0.9080134859745408,8.924996665739858,-0.28081435199576366,0.6595951165388584,"economic: slow-moving institutional/behavioural under-reaction and forced de-risking create multi-month autocorrelation; counterparty = late/price-insensitive holders. Literature: Moskowitz-Ooi-Pedersen 2012, Faber 2007.",tested,related-asset robustness of the SMA rule (benchmark is still SPY buy&hold)
49612016e2,2026-09-30T05:38:44Z,trend_sma_related,QQQ_sma240,"{""asset"": ""QQQ"", ""exec"": ""next_open"", ""n"": 240}",QQQ,"yahoo chart API (adj close = dividend+split adjusted), fetched 2026-09-30",2000-06-01..2023-12-29,DEV+VAL,1.0,5933,63,0.09786686003653,0.5783800772298848,0.03643452018153826,-0.6127842404049954,8.922737827341491,-0.28081435199576466,0.37335586986314373,"economic: slow-moving institutional/behavioural under-reaction and forced de-risking create multi-month autocorrelation; counterparty = late/price-insensitive holders. Literature: Moskowitz-Ooi-Pedersen 2012, Faber 2007.",tested,related-asset robustness of the SMA rule (benchmark is still SPY buy&hold)
d5f09d8c32,2026-09-30T05:38:45Z,trend_sma_related,IWM_sma160,"{""asset"": ""IWM"", ""exec"": ""next_open"", ""n"": 160}",IWM,"yahoo chart API (adj close = dividend+split adjusted), fetched 2026-09-30",2001-06-01..2023-12-29,DEVELOPMENT,1.0,3165,65,0.06201041066528723,0.3679232111264129,0.023176983766876217,-0.30427673840607034,6.083062475286327,-0.3794666827243237,0.26968312371139413,"economic: slow-moving institutional/behavioural under-reaction and forced de-risking create multi-month autocorrelation; counterparty = late/price-insensitive holders. Literature: Moskowitz-Ooi-Pedersen 2012, Faber 2007.",tested,related-asset robustness of the SMA rule (benchmark is still SPY buy&hold)
d5f09d8c32,2026-09-30T05:38:45Z,trend_sma_related,IWM_sma160,"{""asset"": ""IWM"", ""exec"": ""next_open"", ""n"": 160}",IWM,"yahoo chart API (adj close = dividend+split adjusted), fetched 2026-09-30",2001-06-01..2023-12-29,VALIDATION,1.0,2516,61,0.014249823992196653,0.07945051003880044,0.005004911692854921,-0.5771116474760013,8.553007690700616,-0.3722436972011436,0.6595951165388584,"economic: slow-moving institutional/behavioural under-reaction and forced de-risking create multi-month autocorrelation; counterparty = late/price-insensitive holders. Literature: Moskowitz-Ooi-Pedersen 2012, Faber 2007.",tested,related-asset robustness of the SMA rule (benchmark is still SPY buy&hold)
d5f09d8c32,2026-09-30T05:38:45Z,trend_sma_related,IWM_sma160,"{""asset"": ""IWM"", ""exec"": ""next_open"", ""n"": 160}",IWM,"yahoo chart API (adj close = dividend+split adjusted), fetched 2026-09-30",2001-06-01..2023-12-29,DEV+VAL,1.0,5681,126,0.04058686248868004,0.24812071445626346,0.015630135847022428,-0.4002360299665537,6.994427143062049,-0.3794666827243237,0.4255903453877449,"economic: slow-moving institutional/behavioural under-reaction and forced de-risking create multi-month autocorrelation; counterparty = late/price-insensitive holders. Literature: Moskowitz-Ooi-Pedersen 2012, Faber 2007.",tested,related-asset robustness of the SMA rule (benchmark is still SPY buy&hold)
4cb2e97beb,2026-09-30T05:38:45Z,trend_sma_related,IWM_sma200,"{""asset"": ""IWM"", ""exec"": ""next_open"", ""n"": 200}",IWM,"yahoo chart API (adj close = dividend+split adjusted), fetched 2026-09-30",2001-06-01..2023-12-29,DEVELOPMENT,1.0,3165,61,0.04381291905315576,0.25500620241926053,0.016063880818580022,-0.39083014943373773,5.740171459281152,-0.32054645920376834,0.26968312371139413,"economic: slow-moving institutional/behavioural under-reaction and forced de-risking create multi-month autocorrelation; counterparty = late/price-insensitive holders. Literature: Moskowitz-Ooi-Pedersen 2012, Faber 2007.",tested,related-asset robustness of the SMA rule (benchmark is still SPY buy&hold)
4cb2e97beb,2026-09-30T05:38:45Z,trend_sma_related,IWM_sma200,"{""asset"": ""IWM"", ""exec"": ""next_open"", ""n"": 200}",IWM,"yahoo chart API (adj close = dividend+split adjusted), fetched 2026-09-30",2001-06-01..2023-12-29,VALIDATION,1.0,2516,51,0.029664538489745595,0.19061347068635956,0.012007519999404945,-0.32369342594268186,6.406349304611652,-0.3093576100606713,0.6595951165388584,"economic: slow-moving institutional/behavioural under-reaction and forced de-risking create multi-month autocorrelation; counterparty = late/price-insensitive holders. Literature: Moskowitz-Ooi-Pedersen 2012, Faber 2007.",tested,related-asset robustness of the SMA rule (benchmark is still SPY buy&hold)
4cb2e97beb,2026-09-30T05:38:45Z,trend_sma_related,IWM_sma200,"{""asset"": ""IWM"", ""exec"": ""next_open"", ""n"": 200}",IWM,"yahoo chart API (adj close = dividend+split adjusted), fetched 2026-09-30",2001-06-01..2023-12-29,DEV+VAL,1.0,5681,112,0.03752306059601862,0.22809930549187815,0.014368905632334741,-0.3683256900556887,6.0491912004615465,-0.32054645920376834,0.4255903453877449,"economic: slow-moving institutional/behavioural under-reaction and forced de-risking create multi-month autocorrelation; counterparty = late/price-insensitive holders. Literature: Moskowitz-Ooi-Pedersen 2012, Faber 2007.",tested,related-asset robustness of the SMA rule (benchmark is still SPY buy&hold)
703a70ce43,2026-09-30T05:38:45Z,trend_sma_related,IWM_sma240,"{""asset"": ""IWM"", ""exec"": ""next_open"", ""n"": 240}",IWM,"yahoo chart API (adj close = dividend+split adjusted), fetched 2026-09-30",2001-06-01..2023-12-29,DEVELOPMENT,1.0,3165,55,0.05587073761757222,0.33091180325048647,0.020845484221350533,-0.3635312664142193,5.67562878759867,-0.29365511718376247,0.26968312371139413,"economic: slow-moving institutional/behavioural under-reaction and forced de-risking create multi-month autocorrelation; counterparty = late/price-insensitive holders. Literature: Moskowitz-Ooi-Pedersen 2012, Faber 2007.",tested,related-asset robustness of the SMA rule (benchmark is still SPY buy&hold)
703a70ce43,2026-09-30T05:38:45Z,trend_sma_related,IWM_sma240,"{""asset"": ""IWM"", ""exec"": ""next_open"", ""n"": 240}",IWM,"yahoo chart API (adj close = dividend+split adjusted), fetched 2026-09-30",2001-06-01..2023-12-29,VALIDATION,1.0,2516,33,0.04344023939493957,0.29100646164885413,0.01833168398656484,-0.29899100960920516,6.420689340328909,-0.2720064369085373,0.6595951165388584,"economic: slow-moving institutional/behavioural under-reaction and forced de-risking create multi-month autocorrelation; counterparty = late/price-insensitive holders. Literature: Moskowitz-Ooi-Pedersen 2012, Faber 2007.",tested,related-asset robustness of the SMA rule (benchmark is still SPY buy&hold)
703a70ce43,2026-09-30T05:38:45Z,trend_sma_related,IWM_sma240,"{""asset"": ""IWM"", ""exec"": ""next_open"", ""n"": 240}",IWM,"yahoo chart API (adj close = dividend+split adjusted), fetched 2026-09-30",2001-06-01..2023-12-29,DEV+VAL,1.0,5681,88,0.05034735630675913,0.3138886966480434,0.019773129302021818,-0.3422098091537065,6.01305538022241,-0.29365511718376247,0.4255903453877449,"economic: slow-moving institutional/behavioural under-reaction and forced de-risking create multi-month autocorrelation; counterparty = late/price-insensitive holders. Literature: Moskowitz-Ooi-Pedersen 2012, Faber 2007.",tested,related-asset robustness of the SMA rule (benchmark is still SPY buy&hold)
bfcb1f46df,2026-09-30T05:38:45Z,trend_sma_related,EFA_sma160,"{""asset"": ""EFA"", ""exec"": ""next_open"", ""n"": 160}",EFA,"yahoo chart API (adj close = dividend+split adjusted), fetched 2026-09-30",2002-09-03..2023-12-29,DEVELOPMENT,1.0,2853,48,0.11035966626436067,0.7322843787066942,0.04612957988179417,-0.33975942744142673,6.12665649788213,-0.18570211908685874,0.43119513365837814,"economic: slow-moving institutional/behavioural under-reaction and forced de-risking create multi-month autocorrelation; counterparty = late/price-insensitive holders. Literature: Moskowitz-Ooi-Pedersen 2012, Faber 2007.",tested,related-asset robustness of the SMA rule (benchmark is still SPY buy&hold)
bfcb1f46df,2026-09-30T05:38:45Z,trend_sma_related,EFA_sma160,"{""asset"": ""EFA"", ""exec"": ""next_open"", ""n"": 160}",EFA,"yahoo chart API (adj close = dividend+split adjusted), fetched 2026-09-30",2002-09-03..2023-12-29,VALIDATION,1.0,2516,43,0.02846561401419101,0.2005401950479005,0.012632844856407891,-1.5611698101869942,20.042984971400987,-0.2333368920455121,0.6595951165388584,"economic: slow-moving institutional/behavioural under-reaction and forced de-risking create multi-month autocorrelation; counterparty = late/price-insensitive holders. Literature: Moskowitz-Ooi-Pedersen 2012, Faber 2007.",tested,related-asset robustness of the SMA rule (benchmark is still SPY buy&hold)
bfcb1f46df,2026-09-30T05:38:45Z,trend_sma_related,EFA_sma160,"{""asset"": ""EFA"", ""exec"": ""next_open"", ""n"": 160}",EFA,"yahoo chart API (adj close = dividend+split adjusted), fetched 2026-09-30",2002-09-03..2023-12-29,DEV+VAL,1.0,5369,91,0.071201052307027,0.5128199760508102,0.0323046219994415,-0.6915943391094675,10.036432973344095,-0.233336892045513,0.5284442169927762,"economic: slow-moving institutional/behavioural under-reaction and forced de-risking create multi-month autocorrelation; counterparty = late/price-insensitive holders. Literature: Moskowitz-Ooi-Pedersen 2012, Faber 2007.",tested,related-asset robustness of the SMA rule (benchmark is still SPY buy&hold)
47c742c54f,2026-09-30T05:38:45Z,trend_sma_related,EFA_sma200,"{""asset"": ""EFA"", ""exec"": ""next_open"", ""n"": 200}",EFA,"yahoo chart API (adj close = dividend+split adjusted), fetched 2026-09-30",2002-09-03..2023-12-29,DEVELOPMENT,1.0,2853,34,0.11393623875312153,0.7422219988678666,0.046755591109658066,-0.38688795977757945,5.7858632096790705,-0.20648285868863125,0.43119513365837814,"economic: slow-moving institutional/behavioural under-reaction and forced de-risking create multi-month autocorrelation; counterparty = late/price-insensitive holders. Literature: Moskowitz-Ooi-Pedersen 2012, Faber 2007.",tested,related-asset robustness of the SMA rule (benchmark is still SPY buy&hold)
47c742c54f,2026-09-30T05:38:45Z,trend_sma_related,EFA_sma200,"{""asset"": ""EFA"", ""exec"": ""next_open"", ""n"": 200}",EFA,"yahoo chart API (adj close = dividend+split adjusted), fetched 2026-09-30",2002-09-03..2023-12-29,VALIDATION,1.0,2516,48,0.03478092018640799,0.25752070930353843,0.01622227986347905,-1.5041977060041714,19.179968843518665,-0.24480789414709825,0.6595951165388584,"economic: slow-moving institutional/behavioural under-reaction and forced de-risking create multi-month autocorrelation; counterparty = late/price-insensitive holders. Literature: Moskowitz-Ooi-Pedersen 2012, Faber 2007.",tested,related-asset robustness of the SMA rule (benchmark is still SPY buy&hold)
47c742c54f,2026-09-30T05:38:45Z,trend_sma_related,EFA_sma200,"{""asset"": ""EFA"", ""exec"": ""next_open"", ""n"": 200}",EFA,"yahoo chart API (adj close = dividend+split adjusted), fetched 2026-09-30",2002-09-03..2023-12-29,DEV+VAL,1.0,5369,82,0.07611585590182934,0.5424994024032772,0.03417425012286256,-0.7029284712062063,9.468786394168289,-0.24480789414709658,0.5284442169927762,"economic: slow-moving institutional/behavioural under-reaction and forced de-risking create multi-month autocorrelation; counterparty = late/price-insensitive holders. Literature: Moskowitz-Ooi-Pedersen 2012, Faber 2007.",tested,related-asset robustness of the SMA rule (benchmark is still SPY buy&hold)
8df1f37981,2026-09-30T05:38:45Z,trend_sma_related,EFA_sma240,"{""asset"": ""EFA"", ""exec"": ""next_open"", ""n"": 240}",EFA,"yahoo chart API (adj close = dividend+split adjusted), fetched 2026-09-30",2002-09-03..2023-12-29,DEVELOPMENT,1.0,2853,30,0.09891270821757603,0.6439521226001458,0.040565170776956226,-0.4130751950430007,6.024534666233542,-0.22959356722681434,0.43119513365837814,"economic: slow-moving institutional/behavioural under-reaction and forced de-risking create multi-month autocorrelation; counterparty = late/price-insensitive holders. Literature: Moskowitz-Ooi-Pedersen 2012, Faber 2007.",tested,related-asset robustness of the SMA rule (benchmark is still SPY buy&hold)
8df1f37981,2026-09-30T05:38:45Z,trend_sma_related,EFA_sma240,"{""asset"": ""EFA"", ""exec"": ""next_open"", ""n"": 240}",EFA,"yahoo chart API (adj close = dividend+split adjusted), fetched 2026-09-30",2002-09-03..2023-12-29,VALIDATION,1.0,2516,48,0.00847557333720017,0.008461186115424048,0.00053300462519154,-0.8455658960109976,9.37195833655471,-0.2347351201302933,0.6595951165388584,"economic: slow-moving institutional/behavioural under-reaction and forced de-risking create multi-month autocorrelation; counterparty = late/price-insensitive holders. Literature: Moskowitz-Ooi-Pedersen 2012, Faber 2007.",tested,related-asset robustness of the SMA rule (benchmark is still SPY buy&hold)
8df1f37981,2026-09-30T05:38:45Z,trend_sma_related,EFA_sma240,"{""asset"": ""EFA"", ""exec"": ""next_open"", ""n"": 240}",EFA,"yahoo chart API (adj close = dividend+split adjusted), fetched 2026-09-30",2002-09-03..2023-12-29,DEV+VAL,1.0,5369,78,0.055564654109500955,0.391311083070538,0.024650281215904304,-0.5182935945216798,7.28953350251279,-0.23473512013029219,0.5284442169927762,"economic: slow-moving institutional/behavioural under-reaction and forced de-risking create multi-month autocorrelation; counterparty = late/price-insensitive holders. Literature: Moskowitz-Ooi-Pedersen 2012, Faber 2007.",tested,related-asset robustness of the SMA rule (benchmark is still SPY buy&hold)
c0a9530229,2026-09-30T05:38:46Z,trend_sma_related,EEM_sma160,"{""asset"": ""EEM"", ""exec"": ""next_open"", ""n"": 160}",EEM,"yahoo chart API (adj close = dividend+split adjusted), fetched 2026-09-30",2004-06-01..2023-12-29,DEVELOPMENT,1.0,2414,48,0.11438075245978818,0.5713246810135737,0.035990071996076706,-0.25830671276305356,7.2540348456801835,-0.26669760977103396,0.37701761195283023,"economic: slow-moving institutional/behavioural under-reaction and forced de-risking create multi-month autocorrelation; counterparty = late/price-insensitive holders. Literature: Moskowitz-Ooi-Pedersen 2012, Faber 2007.",tested,related-asset robustness of the SMA rule (benchmark is still SPY buy&hold)
c0a9530229,2026-09-30T05:38:46Z,trend_sma_related,EEM_sma160,"{""asset"": ""EEM"", ""exec"": ""next_open"", ""n"": 160}",EEM,"yahoo chart API (adj close = dividend+split adjusted), fetched 2026-09-30",2004-06-01..2023-12-29,VALIDATION,1.0,2516,43,0.03744233231617988,0.2568317342174251,0.016178878512589166,-0.5704283158146929,9.028218888507674,-0.19875718954126664,0.6595951165388584,"economic: slow-moving institutional/behavioural under-reaction and forced de-risking create multi-month autocorrelation; counterparty = late/price-insensitive holders. Literature: Moskowitz-Ooi-Pedersen 2012, Faber 2007.",tested,related-asset robustness of the SMA rule (benchmark is still SPY buy&hold)
c0a9530229,2026-09-30T05:38:46Z,trend_sma_related,EEM_sma160,"{""asset"": ""EEM"", ""exec"": ""next_open"", ""n"": 160}",EEM,"yahoo chart API (adj close = dividend+split adjusted), fetched 2026-09-30",2004-06-01..2023-12-29,DEV+VAL,1.0,4930,91,0.07442813866496212,0.4353834900676577,0.027426581896723392,-0.3253245267774457,8.903659611690902,-0.2885818392098686,0.5080622995964288,"economic: slow-moving institutional/behavioural under-reaction and forced de-risking create multi-month autocorrelation; counterparty = late/price-insensitive holders. Literature: Moskowitz-Ooi-Pedersen 2012, Faber 2007.",tested,related-asset robustness of the SMA rule (benchmark is still SPY buy&hold)
e85406428f,2026-09-30T05:38:46Z,trend_sma_related,EEM_sma200,"{""asset"": ""EEM"", ""exec"": ""next_open"", ""n"": 200}",EEM,"yahoo chart API (adj close = dividend+split adjusted), fetched 2026-09-30",2004-06-01..2023-12-29,DEVELOPMENT,1.0,2414,48,0.08995351287829867,0.4527254277343198,0.028519021285246526,-0.26345338932715345,6.804161878370898,-0.26706812256242884,0.37701761195283023,"economic: slow-moving institutional/behavioural under-reaction and forced de-risking create multi-month autocorrelation; counterparty = late/price-insensitive holders. Literature: Moskowitz-Ooi-Pedersen 2012, Faber 2007.",tested,related-asset robustness of the SMA rule (benchmark is still SPY buy&hold)
e85406428f,2026-09-30T05:38:46Z,trend_sma_related,EEM_sma200,"{""asset"": ""EEM"", ""exec"": ""next_open"", ""n"": 200}",EEM,"yahoo chart API (adj close = dividend+split adjusted), fetched 2026-09-30",2004-06-01..2023-12-29,VALIDATION,1.0,2516,49,0.013864170912734064,0.07103672097581502,0.0044748928013212405,-0.6048279779205136,9.05475144678121,-0.2634390973330082,0.6595951165388584,"economic: slow-moving institutional/behavioural under-reaction and forced de-risking create multi-month autocorrelation; counterparty = late/price-insensitive holders. Literature: Moskowitz-Ooi-Pedersen 2012, Faber 2007.",tested,related-asset robustness of the SMA rule (benchmark is still SPY buy&hold)
e85406428f,2026-09-30T05:38:46Z,trend_sma_related,EEM_sma200,"{""asset"": ""EEM"", ""exec"": ""next_open"", ""n"": 200}",EEM,"yahoo chart API (adj close = dividend+split adjusted), fetched 2026-09-30",2004-06-01..2023-12-29,DEV+VAL,1.0,4930,97,0.05043396591793958,0.29521648302237574,0.018596890404864952,-0.33389503492544115,8.554164949458574,-0.3809135908466589,0.5080622995964288,"economic: slow-moving institutional/behavioural under-reaction and forced de-risking create multi-month autocorrelation; counterparty = late/price-insensitive holders. Literature: Moskowitz-Ooi-Pedersen 2012, Faber 2007.",tested,related-asset robustness of the SMA rule (benchmark is still SPY buy&hold)
fc52cfb117,2026-09-30T05:38:46Z,trend_sma_related,EEM_sma240,"{""asset"": ""EEM"", ""exec"": ""next_open"", ""n"": 240}",EEM,"yahoo chart API (adj close = dividend+split adjusted), fetched 2026-09-30",2004-06-01..2023-12-29,DEVELOPMENT,1.0,2414,44,0.07885131598355821,0.398079433263305,0.025076647201529485,-0.3821078243592054,6.189704146981029,-0.29360346026727746,0.37701761195283023,"economic: slow-moving institutional/behavioural under-reaction and forced de-risking create multi-month autocorrelation; counterparty = late/price-insensitive holders. Literature: Moskowitz-Ooi-Pedersen 2012, Faber 2007.",tested,related-asset robustness of the SMA rule (benchmark is still SPY buy&hold)
fc52cfb117,2026-09-30T05:38:46Z,trend_sma_related,EEM_sma240,"{""asset"": ""EEM"", ""exec"": ""next_open"", ""n"": 240}",EEM,"yahoo chart API (adj close = dividend+split adjusted), fetched 2026-09-30",2004-06-01..2023-12-29,VALIDATION,1.0,2516,40,0.010811060598947542,0.04610902213643272,0.002904595375461264,-0.5840373252605411,9.096313473825692,-0.26269552915627914,0.6595951165388584,"economic: slow-moving institutional/behavioural under-reaction and forced de-risking create multi-month autocorrelation; counterparty = late/price-insensitive holders. Literature: Moskowitz-Ooi-Pedersen 2012, Faber 2007.",tested,related-asset robustness of the SMA rule (benchmark is still SPY buy&hold)
fc52cfb117,2026-09-30T05:38:46Z,trend_sma_related,EEM_sma240,"{""asset"": ""EEM"", ""exec"": ""next_open"", ""n"": 240}",EEM,"yahoo chart API (adj close = dividend+split adjusted), fetched 2026-09-30",2004-06-01..2023-12-29,DEV+VAL,1.0,4930,84,0.043573683636979776,0.2546584020754406,0.016041971456302633,-0.4339376883756627,7.990903972681157,-0.40536865357185525,0.5080622995964288,"economic: slow-moving institutional/behavioural under-reaction and forced de-risking create multi-month autocorrelation; counterparty = late/price-insensitive holders. Literature: Moskowitz-Ooi-Pedersen 2012, Faber 2007.",tested,related-asset robustness of the SMA rule (benchmark is still SPY buy&hold)
8bb424d442,2026-09-30T05:38:46Z,trend_sma_related,TLT_sma160,"{""asset"": ""TLT"", ""exec"": ""next_open"", ""n"": 160}",TLT,"yahoo chart API (adj close = dividend+split adjusted), fetched 2026-09-30",2003-09-02..2023-12-29,DEVELOPMENT,1.0,2602,48,0.035276339738925966,0.2257467427270996,0.0142207081080663,0.3585971930610598,8.97443778794101,-0.25214700180209415,0.41498937494528193,"economic: slow-moving institutional/behavioural under-reaction and forced de-risking create multi-month autocorrelation; counterparty = late/price-insensitive holders. Literature: Moskowitz-Ooi-Pedersen 2012, Faber 2007.",tested,related-asset robustness of the SMA rule (benchmark is still SPY buy&hold)
8bb424d442,2026-09-30T05:38:46Z,trend_sma_related,TLT_sma160,"{""asset"": ""TLT"", ""exec"": ""next_open"", ""n"": 160}",TLT,"yahoo chart API (adj close = dividend+split adjusted), fetched 2026-09-30",2003-09-02..2023-12-29,VALIDATION,1.0,2516,40,0.0427717242157204,0.3183887455563422,0.02005660573771197,0.2953102447495451,19.997874825614293,-0.19652990703168238,0.6595951165388584,"economic: slow-moving institutional/behavioural under-reaction and forced de-risking create multi-month autocorrelation; counterparty = late/price-insensitive holders. Literature: Moskowitz-Ooi-Pedersen 2012, Faber 2007.",tested,related-asset robustness of the SMA rule (benchmark is still SPY buy&hold)
8bb424d442,2026-09-30T05:38:46Z,trend_sma_related,TLT_sma160,"{""asset"": ""TLT"", ""exec"": ""next_open"", ""n"": 160}",TLT,"yahoo chart API (adj close = dividend+split adjusted), fetched 2026-09-30",2003-09-02..2023-12-29,DEV+VAL,1.0,5118,88,0.038954301041603134,0.27016351330701605,0.017018701655567944,0.32973421665511926,13.90598186134496,-0.25214700180209415,0.5256170059825049,"economic: slow-moving institutional/behavioural under-reaction and forced de-risking create multi-month autocorrelation; counterparty = late/price-insensitive holders. Literature: Moskowitz-Ooi-Pedersen 2012, Faber 2007.",tested,related-asset robustness of the SMA rule (benchmark is still SPY buy&hold)
f690b786bd,2026-09-30T05:38:46Z,trend_sma_related,TLT_sma200,"{""asset"": ""TLT"", ""exec"": ""next_open"", ""n"": 200}",TLT,"yahoo chart API (adj close = dividend+split adjusted), fetched 2026-09-30",2003-09-02..2023-12-29,DEVELOPMENT,1.0,2602,52,0.037018534896158695,0.23760852510823918,0.014967930162505892,0.3024261200419485,8.478904852468334,-0.24013158837867543,0.41498937494528193,"economic: slow-moving institutional/behavioural under-reaction and forced de-risking create multi-month autocorrelation; counterparty = late/price-insensitive holders. Literature: Moskowitz-Ooi-Pedersen 2012, Faber 2007.",tested,related-asset robustness of the SMA rule (benchmark is still SPY buy&hold)
f690b786bd,2026-09-30T05:38:46Z,trend_sma_related,TLT_sma200,"{""asset"": ""TLT"", ""exec"": ""next_open"", ""n"": 200}",TLT,"yahoo chart API (adj close = dividend+split adjusted), fetched 2026-09-30",2003-09-02..2023-12-29,VALIDATION,1.0,2516,51,0.015582449354048844,0.08049667670247097,0.005070813998140597,0.27606174363439817,21.07888843561077,-0.31127565423692516,0.6595951165388584,"economic: slow-moving institutional/behavioural under-reaction and forced de-risking create multi-month autocorrelation; counterparty = late/price-insensitive holders. Literature: Moskowitz-Ooi-Pedersen 2012, Faber 2007.",tested,related-asset robustness of the SMA rule (benchmark is still SPY buy&hold)
f690b786bd,2026-09-30T05:38:46Z,trend_sma_related,TLT_sma200,"{""asset"": ""TLT"", ""exec"": ""next_open"", ""n"": 200}",TLT,"yahoo chart API (adj close = dividend+split adjusted), fetched 2026-09-30",2003-09-02..2023-12-29,DEV+VAL,1.0,5118,103,0.026424636825207903,0.16354938411201653,0.010302642796147001,0.2934327133296636,13.714410631018161,-0.3112756542369256,0.5256170059825049,"economic: slow-moving institutional/behavioural under-reaction and forced de-risking create multi-month autocorrelation; counterparty = late/price-insensitive holders. Literature: Moskowitz-Ooi-Pedersen 2012, Faber 2007.",tested,related-asset robustness of the SMA rule (benchmark is still SPY buy&hold)
cdf7f032de,2026-09-30T05:38:46Z,trend_sma_related,TLT_sma240,"{""asset"": ""TLT"", ""exec"": ""next_open"", ""n"": 240}",TLT,"yahoo chart API (adj close = dividend+split adjusted), fetched 2026-09-30",2003-09-02..2023-12-29,DEVELOPMENT,1.0,2602,30,0.05307414246245079,0.36475496163888943,0.022977402808890622,0.2917941040085482,8.2360469241915,-0.2115630840487892,0.41498937494528193,"economic: slow-moving institutional/behavioural under-reaction and forced de-risking create multi-month autocorrelation; counterparty = late/price-insensitive holders. Literature: Moskowitz-Ooi-Pedersen 2012, Faber 2007.",tested,related-asset robustness of the SMA rule (benchmark is still SPY buy&hold)
cdf7f032de,2026-09-30T05:38:46Z,trend_sma_related,TLT_sma240,"{""asset"": ""TLT"", ""exec"": ""next_open"", ""n"": 240}",TLT,"yahoo chart API (adj close = dividend+split adjusted), fetched 2026-09-30",2003-09-02..2023-12-29,VALIDATION,1.0,2516,43,0.013444467759886614,0.060318775704808175,0.0037997257119716,0.2898817268286831,22.539647081282116,-0.2735982649333498,0.6595951165388584,"economic: slow-moving institutional/behavioural under-reaction and forced de-risking create multi-month autocorrelation; counterparty = late/price-insensitive holders. Literature: Moskowitz-Ooi-Pedersen 2012, Faber 2007.",tested,related-asset robustness of the SMA rule (benchmark is still SPY buy&hold)
cdf7f032de,2026-09-30T05:38:46Z,trend_sma_related,TLT_sma240,"{""asset"": ""TLT"", ""exec"": ""next_open"", ""n"": 240}",TLT,"yahoo chart API (adj close = dividend+split adjusted), fetched 2026-09-30",2003-09-02..2023-12-29,DEV+VAL,1.0,5118,73,0.033402283495801655,0.22328662858366433,0.014065735483771956,0.2960185392205028,13.861903024364967,-0.2735982649333484,0.5256170059825049,"economic: slow-moving institutional/behavioural under-reaction and forced de-risking create multi-month autocorrelation; counterparty = late/price-insensitive holders. Literature: Moskowitz-Ooi-Pedersen 2012, Faber 2007.",tested,related-asset robustness of the SMA rule (benchmark is still SPY buy&hold)
475dbdd616,2026-09-30T05:38:47Z,trend_sma_related,IEF_sma160,"{""asset"": ""IEF"", ""exec"": ""next_open"", ""n"": 160}",IEF,"yahoo chart API (adj close = dividend+split adjusted), fetched 2026-09-30",2003-09-02..2023-12-29,DEVELOPMENT,1.0,2602,47,0.03824660497894472,0.39928222111519024,0.025152415714292768,0.3260084369848423,8.241125393402205,-0.13194103186461037,0.41498937494528193,"economic: slow-moving institutional/behavioural under-reaction and forced de-risking create multi-month autocorrelation; counterparty = late/price-insensitive holders. Literature: Moskowitz-Ooi-Pedersen 2012, Faber 2007.",tested,related-asset robustness of the SMA rule (benchmark is still SPY buy&hold)
475dbdd616,2026-09-30T05:38:47Z,trend_sma_related,IEF_sma160,"{""asset"": ""IEF"", ""exec"": ""next_open"", ""n"": 160}",IEF,"yahoo chart API (adj close = dividend+split adjusted), fetched 2026-09-30",2003-09-02..2023-12-29,VALIDATION,1.0,2516,54,0.024346862227088817,0.27085998366863034,0.017062575164433626,0.36431247345575296,13.559596113904165,-0.09759737007287939,0.6595951165388584,"economic: slow-moving institutional/behavioural under-reaction and forced de-risking create multi-month autocorrelation; counterparty = late/price-insensitive holders. Literature: Moskowitz-Ooi-Pedersen 2012, Faber 2007.",tested,related-asset robustness of the SMA rule (benchmark is still SPY buy&hold)
475dbdd616,2026-09-30T05:38:47Z,trend_sma_related,IEF_sma160,"{""asset"": ""IEF"", ""exec"": ""next_open"", ""n"": 160}",IEF,"yahoo chart API (adj close = dividend+split adjusted), fetched 2026-09-30",2003-09-02..2023-12-29,DEV+VAL,1.0,5118,101,0.03139010333831238,0.3417697026530888,0.021529467592299165,0.35317880590333506,10.219608002605892,-0.13194103186461037,0.5256170059825049,"economic: slow-moving institutional/behavioural under-reaction and forced de-risking create multi-month autocorrelation; counterparty = late/price-insensitive holders. Literature: Moskowitz-Ooi-Pedersen 2012, Faber 2007.",tested,related-asset robustness of the SMA rule (benchmark is still SPY buy&hold)
0ffe93d113,2026-09-30T05:38:47Z,trend_sma_related,IEF_sma200,"{""asset"": ""IEF"", ""exec"": ""next_open"", ""n"": 200}",IEF,"yahoo chart API (adj close = dividend+split adjusted), fetched 2026-09-30",2003-09-02..2023-12-29,DEVELOPMENT,1.0,2602,44,0.04017505665868537,0.4206583421351256,0.026498984767006323,0.31853624969097244,7.57993470660935,-0.1263236367305589,0.41498937494528193,"economic: slow-moving institutional/behavioural under-reaction and forced de-risking create multi-month autocorrelation; counterparty = late/price-insensitive holders. Literature: Moskowitz-Ooi-Pedersen 2012, Faber 2007.",tested,related-asset robustness of the SMA rule (benchmark is still SPY buy&hold)
0ffe93d113,2026-09-30T05:38:47Z,trend_sma_related,IEF_sma200,"{""asset"": ""IEF"", ""exec"": ""next_open"", ""n"": 200}",IEF,"yahoo chart API (adj close = dividend+split adjusted), fetched 2026-09-30",2003-09-02..2023-12-29,VALIDATION,1.0,2516,45,0.017572621849498482,0.12613316242303504,0.007945642377368283,0.2403747981181252,13.28851110689905,-0.11909684247280372,0.6595951165388584,"economic: slow-moving institutional/behavioural under-reaction and forced de-risking create multi-month autocorrelation; counterparty = late/price-insensitive holders. Literature: Moskowitz-Ooi-Pedersen 2012, Faber 2007.",tested,related-asset robustness of the SMA rule (benchmark is still SPY buy&hold)
0ffe93d113,2026-09-30T05:38:47Z,trend_sma_related,IEF_sma200,"{""asset"": ""IEF"", ""exec"": ""next_open"", ""n"": 200}",IEF,"yahoo chart API (adj close = dividend+split adjusted), fetched 2026-09-30",2003-09-02..2023-12-29,DEV+VAL,1.0,5118,89,0.029001683750105478,0.2940567897535945,0.01852383659566708,0.3159894868264689,9.616321176233175,-0.1263236367305589,0.5256170059825049,"economic: slow-moving institutional/behavioural under-reaction and forced de-risking create multi-month autocorrelation; counterparty = late/price-insensitive holders. Literature: Moskowitz-Ooi-Pedersen 2012, Faber 2007.",tested,related-asset robustness of the SMA rule (benchmark is still SPY buy&hold)
4916b0262c,2026-09-30T05:38:47Z,trend_sma_related,IEF_sma240,"{""asset"": ""IEF"", ""exec"": ""next_open"", ""n"": 240}",IEF,"yahoo chart API (adj close = dividend+split adjusted), fetched 2026-09-30",2003-09-02..2023-12-29,DEVELOPMENT,1.0,2602,53,0.03608440177968397,0.34829751885120547,0.021940681360502874,0.2503349237494339,6.944031884040794,-0.16341302988748085,0.41498937494528193,"economic: slow-moving institutional/behavioural under-reaction and forced de-risking create multi-month autocorrelation; counterparty = late/price-insensitive holders. Literature: Moskowitz-Ooi-Pedersen 2012, Faber 2007.",tested,related-asset robustness of the SMA rule (benchmark is still SPY buy&hold)
4916b0262c,2026-09-30T05:38:47Z,trend_sma_related,IEF_sma240,"{""asset"": ""IEF"", ""exec"": ""next_open"", ""n"": 240}",IEF,"yahoo chart API (adj close = dividend+split adjusted), fetched 2026-09-30",2003-09-02..2023-12-29,VALIDATION,1.0,2516,48,0.016620335369197603,0.10748175905404357,0.006770714403161052,0.18727178350449922,14.272327472862752,-0.09304837329352189,0.6595951165388584,"economic: slow-moving institutional/behavioural under-reaction and forced de-risking create multi-month autocorrelation; counterparty = late/price-insensitive holders. Literature: Moskowitz-Ooi-Pedersen 2012, Faber 2007.",tested,related-asset robustness of the SMA rule (benchmark is still SPY buy&hold)
4916b0262c,2026-09-30T05:38:47Z,trend_sma_related,IEF_sma240,"{""asset"": ""IEF"", ""exec"": ""next_open"", ""n"": 240}",IEF,"yahoo chart API (adj close = dividend+split adjusted), fetched 2026-09-30",2003-09-02..2023-12-29,DEV+VAL,1.0,5118,101,0.026469769412015065,0.24691279069865682,0.015554043802609241,0.25519554583344595,9.294871555043844,-0.16341302988748085,0.5256170059825049,"economic: slow-moving institutional/behavioural under-reaction and forced de-risking create multi-month autocorrelation; counterparty = late/price-insensitive holders. Literature: Moskowitz-Ooi-Pedersen 2012, Faber 2007.",tested,related-asset robustness of the SMA rule (benchmark is still SPY buy&hold)
5e35922988,2026-09-30T05:38:47Z,trend_sma_related,GLD_sma160,"{""asset"": ""GLD"", ""exec"": ""next_open"", ""n"": 160}",GLD,"yahoo chart API (adj close = dividend+split adjusted), fetched 2026-09-30",2005-12-01..2023-12-29,DEVELOPMENT,1.0,2034,34,0.10062636894642529,0.5620729868849003,0.03540727004677893,-0.6300201633382202,7.315327750066239,-0.23833057282544035,0.3611035740590248,"economic: slow-moving institutional/behavioural under-reaction and forced de-risking create multi-month autocorrelation; counterparty = late/price-insensitive holders. Literature: Moskowitz-Ooi-Pedersen 2012, Faber 2007.",tested,related-asset robustness of the SMA rule (benchmark is still SPY buy&hold)
5e35922988,2026-09-30T05:38:47Z,trend_sma_related,GLD_sma160,"{""asset"": ""GLD"", ""exec"": ""next_open"", ""n"": 160}",GLD,"yahoo chart API (adj close = dividend+split adjusted), fetched 2026-09-30",2005-12-01..2023-12-29,VALIDATION,1.0,2516,57,0.001507458762965097,-0.047007414882195085,-0.0029611887989124948,-0.37709438488445013,10.369978663467721,-0.3336567058825851,0.6595951165388584,"economic: slow-moving institutional/behavioural under-reaction and forced de-risking create multi-month autocorrelation; counterparty = late/price-insensitive holders. Literature: Moskowitz-Ooi-Pedersen 2012, Faber 2007.",tested,related-asset robustness of the SMA rule (benchmark is still SPY buy&hold)
5e35922988,2026-09-30T05:38:47Z,trend_sma_related,GLD_sma160,"{""asset"": ""GLD"", ""exec"": ""next_open"", ""n"": 160}",GLD,"yahoo chart API (adj close = dividend+split adjusted), fetched 2026-09-30",2005-12-01..2023-12-29,DEV+VAL,1.0,4550,91,0.04466286871376912,0.2871179119604818,0.0180867283809422,-0.5806981276554624,9.322700726653748,-0.3657897288377222,0.5059634120025338,"economic: slow-moving institutional/behavioural under-reaction and forced de-risking create multi-month autocorrelation; counterparty = late/price-insensitive holders. Literature: Moskowitz-Ooi-Pedersen 2012, Faber 2007.",tested,related-asset robustness of the SMA rule (benchmark is still SPY buy&hold)
040497bc9a,2026-09-30T05:38:47Z,trend_sma_related,GLD_sma200,"{""asset"": ""GLD"", ""exec"": ""next_open"", ""n"": 200}",GLD,"yahoo chart API (adj close = dividend+split adjusted), fetched 2026-09-30",2005-12-01..2023-12-29,DEVELOPMENT,1.0,2034,22,0.1082089680336924,0.5948782519510374,0.03747380750055402,-0.5784747178153781,7.01963158128787,-0.2444251755768142,0.3611035740590248,"economic: slow-moving institutional/behavioural under-reaction and forced de-risking create multi-month autocorrelation; counterparty = late/price-insensitive holders. Literature: Moskowitz-Ooi-Pedersen 2012, Faber 2007.",tested,related-asset robustness of the SMA rule (benchmark is still SPY buy&hold)
040497bc9a,2026-09-30T05:38:47Z,trend_sma_related,GLD_sma200,"{""asset"": ""GLD"", ""exec"": ""next_open"", ""n"": 200}",GLD,"yahoo chart API (adj close = dividend+split adjusted), fetched 2026-09-30",2005-12-01..2023-12-29,VALIDATION,1.0,2516,57,0.004561313611602946,-0.01980542604913676,-0.001247624569897533,-0.3686031050118063,10.475662003655748,-0.2791422924274284,0.6595951165388584,"economic: slow-moving institutional/behavioural under-reaction and forced de-risking create multi-month autocorrelation; counterparty = late/price-insensitive holders. Literature: Moskowitz-Ooi-Pedersen 2012, Faber 2007.",tested,related-asset robustness of the SMA rule (benchmark is still SPY buy&hold)
040497bc9a,2026-09-30T05:38:47Z,trend_sma_related,GLD_sma200,"{""asset"": ""GLD"", ""exec"": ""next_open"", ""n"": 200}",GLD,"yahoo chart API (adj close = dividend+split adjusted), fetched 2026-09-30",2005-12-01..2023-12-29,DEV+VAL,1.0,4550,79,0.04963973861408966,0.31908847088378894,0.020100684290151903,-0.5400940860632335,9.132299573217152,-0.33961539212223846,0.5059634120025338,"economic: slow-moving institutional/behavioural under-reaction and forced de-risking create multi-month autocorrelation; counterparty = late/price-insensitive holders. Literature: Moskowitz-Ooi-Pedersen 2012, Faber 2007.",tested,related-asset robustness of the SMA rule (benchmark is still SPY buy&hold)
8f49fb0033,2026-09-30T05:38:47Z,trend_sma_related,GLD_sma240,"{""asset"": ""GLD"", ""exec"": ""next_open"", ""n"": 240}",GLD,"yahoo chart API (adj close = dividend+split adjusted), fetched 2026-09-30",2005-12-01..2023-12-29,DEVELOPMENT,1.0,2034,20,0.0974106624257649,0.5352445617302672,0.03371723811757254,-0.634891142206252,6.847222274986815,-0.3024144437436189,0.3611035740590248,"economic: slow-moving institutional/behavioural under-reaction and forced de-risking create multi-month autocorrelation; counterparty = late/price-insensitive holders. Literature: Moskowitz-Ooi-Pedersen 2012, Faber 2007.",tested,related-asset robustness of the SMA rule (benchmark is still SPY buy&hold)
8f49fb0033,2026-09-30T05:38:47Z,trend_sma_related,GLD_sma240,"{""asset"": ""GLD"", ""exec"": ""next_open"", ""n"": 240}",GLD,"yahoo chart API (adj close = dividend+split adjusted), fetched 2026-09-30",2005-12-01..2023-12-29,VALIDATION,1.0,2516,34,0.016644110576701898,0.0903074415606619,0.00568883409304786,-0.15354979026390675,11.530070382045157,-0.26306331789662674,0.6595951165388584,"economic: slow-moving institutional/behavioural under-reaction and forced de-risking create multi-month autocorrelation; counterparty = late/price-insensitive holders. Literature: Moskowitz-Ooi-Pedersen 2012, Faber 2007.",tested,related-asset robustness of the SMA rule (benchmark is still SPY buy&hold)
8f49fb0033,2026-09-30T05:38:47Z,trend_sma_related,GLD_sma240,"{""asset"": ""GLD"", ""exec"": ""next_open"", ""n"": 240}",GLD,"yahoo chart API (adj close = dividend+split adjusted), fetched 2026-09-30",2005-12-01..2023-12-29,DEV+VAL,1.0,4550,54,0.05198741612653812,0.3326397443987313,0.020954334282265084,-0.5407797661294992,9.151674269654045,-0.3723553730095901,0.5059634120025338,"economic: slow-moving institutional/behavioural under-reaction and forced de-risking create multi-month autocorrelation; counterparty = late/price-insensitive holders. Literature: Moskowitz-Ooi-Pedersen 2012, Faber 2007.",tested,related-asset robustness of the SMA rule (benchmark is still SPY buy&hold)
bde2a2de67,2026-09-30T05:38:48Z,trend_sma_related,VNQ_sma160,"{""asset"": ""VNQ"", ""exec"": ""next_open"", ""n"": 160}",VNQ,"yahoo chart API (adj close = dividend+split adjusted), fetched 2026-09-30",2005-12-01..2023-12-29,DEVELOPMENT,1.0,2034,39,0.034673670541129686,0.20207429872384947,0.012729484304311487,-0.49511944051576523,9.483266093392572,-0.602325852753511,0.3611035740590248,"economic: slow-moving institutional/behavioural under-reaction and forced de-risking create multi-month autocorrelation; counterparty = late/price-insensitive holders. Literature: Moskowitz-Ooi-Pedersen 2012, Faber 2007.",tested,related-asset robustness of the SMA rule (benchmark is still SPY buy&hold)
bde2a2de67,2026-09-30T05:38:48Z,trend_sma_related,VNQ_sma160,"{""asset"": ""VNQ"", ""exec"": ""next_open"", ""n"": 160}",VNQ,"yahoo chart API (adj close = dividend+split adjusted), fetched 2026-09-30",2005-12-01..2023-12-29,VALIDATION,1.0,2516,63,0.030163726993856388,0.20368847156796718,0.012831167635706946,-0.6970462761827383,8.761922517044821,-0.3281725618497353,0.6595951165388584,"economic: slow-moving institutional/behavioural under-reaction and forced de-risking create multi-month autocorrelation; counterparty = late/price-insensitive holders. Literature: Moskowitz-Ooi-Pedersen 2012, Faber 2007.",tested,related-asset robustness of the SMA rule (benchmark is still SPY buy&hold)
bde2a2de67,2026-09-30T05:38:48Z,trend_sma_related,VNQ_sma160,"{""asset"": ""VNQ"", ""exec"": ""next_open"", ""n"": 160}",VNQ,"yahoo chart API (adj close = dividend+split adjusted), fetched 2026-09-30",2005-12-01..2023-12-29,DEV+VAL,1.0,4550,102,0.03217738564524608,0.19730019312862734,0.012428743920080065,-0.5801525261702419,11.362758345593209,-0.602325852753511,0.5059634120025338,"economic: slow-moving institutional/behavioural under-reaction and forced de-risking create multi-month autocorrelation; counterparty = late/price-insensitive holders. Literature: Moskowitz-Ooi-Pedersen 2012, Faber 2007.",tested,related-asset robustness of the SMA rule (benchmark is still SPY buy&hold)
274179854c,2026-09-30T05:38:48Z,trend_sma_related,VNQ_sma200,"{""asset"": ""VNQ"", ""exec"": ""next_open"", ""n"": 200}",VNQ,"yahoo chart API (adj close = dividend+split adjusted), fetched 2026-09-30",2005-12-01..2023-12-29,DEVELOPMENT,1.0,2034,28,0.04503658568034519,0.25749489511052337,0.0162206537221692,-0.4322339631848428,9.870202521065552,-0.5004181435591045,0.3611035740590248,"economic: slow-moving institutional/behavioural under-reaction and forced de-risking create multi-month autocorrelation; counterparty = late/price-insensitive holders. Literature: Moskowitz-Ooi-Pedersen 2012, Faber 2007.",tested,related-asset robustness of the SMA rule (benchmark is still SPY buy&hold)
274179854c,2026-09-30T05:38:48Z,trend_sma_related,VNQ_sma200,"{""asset"": ""VNQ"", ""exec"": ""next_open"", ""n"": 200}",VNQ,"yahoo chart API (adj close = dividend+split adjusted), fetched 2026-09-30",2005-12-01..2023-12-29,VALIDATION,1.0,2516,53,0.03946358045820464,0.28171026622860806,0.01774607871939749,-0.5556084807772192,8.876046218060342,-0.26731776587548306,0.6595951165388584,"economic: slow-moving institutional/behavioural under-reaction and forced de-risking create multi-month autocorrelation; counterparty = late/price-insensitive holders. Literature: Moskowitz-Ooi-Pedersen 2012, Faber 2007.",tested,related-asset robustness of the SMA rule (benchmark is still SPY buy&hold)
274179854c,2026-09-30T05:38:48Z,trend_sma_related,VNQ_sma200,"{""asset"": ""VNQ"", ""exec"": ""next_open"", ""n"": 200}",VNQ,"yahoo chart API (adj close = dividend+split adjusted), fetched 2026-09-30",2005-12-01..2023-12-29,DEV+VAL,1.0,4550,81,0.0419512147399943,0.26188824568041347,0.01649740879431808,-0.4909286801363682,11.508697909550882,-0.5004181435591045,0.5059634120025338,"economic: slow-moving institutional/behavioural under-reaction and forced de-risking create multi-month autocorrelation; counterparty = late/price-insensitive holders. Literature: Moskowitz-Ooi-Pedersen 2012, Faber 2007.",tested,related-asset robustness of the SMA rule (benchmark is still SPY buy&hold)
90dff2b774,2026-09-30T05:38:48Z,trend_sma_related,VNQ_sma240,"{""asset"": ""VNQ"", ""exec"": ""next_open"", ""n"": 240}",VNQ,"yahoo chart API (adj close = dividend+split adjusted), fetched 2026-09-30",2005-12-01..2023-12-29,DEVELOPMENT,1.0,2034,28,0.041146020283698626,0.2375622858287911,0.014965017361691072,-0.36048926841283835,9.524722321790918,-0.45915843398179845,0.3611035740590248,"economic: slow-moving institutional/behavioural under-reaction and forced de-risking create multi-month autocorrelation; counterparty = late/price-insensitive holders. Literature: Moskowitz-Ooi-Pedersen 2012, Faber 2007.",tested,related-asset robustness of the SMA rule (benchmark is still SPY buy&hold)
90dff2b774,2026-09-30T05:38:48Z,trend_sma_related,VNQ_sma240,"{""asset"": ""VNQ"", ""exec"": ""next_open"", ""n"": 240}",VNQ,"yahoo chart API (adj close = dividend+split adjusted), fetched 2026-09-30",2005-12-01..2023-12-29,VALIDATION,1.0,2516,55,0.025925787639102138,0.1689955430841195,0.010645718563782896,-0.9543881066957259,11.983951571894469,-0.3393205238837085,0.6595951165388584,"economic: slow-moving institutional/behavioural under-reaction and forced de-risking create multi-month autocorrelation; counterparty = late/price-insensitive holders. Literature: Moskowitz-Ooi-Pedersen 2012, Faber 2007.",tested,related-asset robustness of the SMA rule (benchmark is still SPY buy&hold)
90dff2b774,2026-09-30T05:38:48Z,trend_sma_related,VNQ_sma240,"{""asset"": ""VNQ"", ""exec"": ""next_open"", ""n"": 240}",VNQ,"yahoo chart API (adj close = dividend+split adjusted), fetched 2026-09-30",2005-12-01..2023-12-29,DEV+VAL,1.0,4550,83,0.03270203728662957,0.20241544195189695,0.012750974307713093,-0.541493034315514,11.670259457008774,-0.45915843398179845,0.5059634120025338,"economic: slow-moving institutional/behavioural under-reaction and forced de-risking create multi-month autocorrelation; counterparty = late/price-insensitive holders. Literature: Moskowitz-Ooi-Pedersen 2012, Faber 2007.",tested,related-asset robustness of the SMA rule (benchmark is still SPY buy&hold)
c98a147604,2026-09-30T05:38:48Z,gtaa_trend,gtaa5_sma170,"{""assets"": [""SPY"", ""EFA"", ""IEF"", ""GLD"", ""VNQ""], ""exec"": ""next_open"", ""n"": 170}",GTAA5,"yahoo chart API (adj close = dividend+split adjusted), fetched 2026-09-30",2006-01-03..2023-12-29,DEVELOPMENT,1.0,2013,29,0.10168264986060915,0.9601318321868133,0.060482620328645445,-0.31491692467311283,5.580854098442183,-0.0967277118833928,0.3659575482723184,"economic: slow-moving institutional/behavioural under-reaction and forced de-risking create multi-month autocorrelation; counterparty = late/price-insensitive holders. Literature: Moskowitz-Ooi-Pedersen 2012, Faber 2007.",tested,
c98a147604,2026-09-30T05:38:48Z,gtaa_trend,gtaa5_sma170,"{""assets"": [""SPY"", ""EFA"", ""IEF"", ""GLD"", ""VNQ""], ""exec"": ""next_open"", ""n"": 170}",GTAA5,"yahoo chart API (adj close = dividend+split adjusted), fetched 2026-09-30",2006-01-03..2023-12-29,VALIDATION,1.0,2516,57,0.036767433441279085,0.39587064058759885,0.024937506341586164,-0.5536352512255563,7.728927394251553,-0.10601627382209322,0.6595951165388584,"economic: slow-moving institutional/behavioural under-reaction and forced de-risking create multi-month autocorrelation; counterparty = late/price-insensitive holders. Literature: Moskowitz-Ooi-Pedersen 2012, Faber 2007.",tested,
c98a147604,2026-09-30T05:38:48Z,gtaa_trend,gtaa5_sma170,"{""assets"": [""SPY"", ""EFA"", ""IEF"", ""GLD"", ""VNQ""], ""exec"": ""next_open"", ""n"": 170}",GTAA5,"yahoo chart API (adj close = dividend+split adjusted), fetched 2026-09-30",2006-01-03..2023-12-29,DEV+VAL,1.0,4529,86,0.06513409965700134,0.6847742186723709,0.04313672111513466,-0.3789992520976143,6.793135425659569,-0.10601627382209233,0.5086824814512749,"economic: slow-moving institutional/behavioural under-reaction and forced de-risking create multi-month autocorrelation; counterparty = late/price-insensitive holders. Literature: Moskowitz-Ooi-Pedersen 2012, Faber 2007.",tested,
08e29c0a75,2026-09-30T05:38:49Z,gtaa_trend,gtaa5_sma210,"{""assets"": [""SPY"", ""EFA"", ""IEF"", ""GLD"", ""VNQ""], ""exec"": ""next_open"", ""n"": 210}",GTAA5,"yahoo chart API (adj close = dividend+split adjusted), fetched 2026-09-30",2006-01-03..2023-12-29,DEVELOPMENT,1.0,2013,23,0.0946595790302065,0.8796320072354294,0.05541160800946464,-0.17299819076588754,5.855606527741854,-0.09323060644741477,0.3659575482723184,"economic: slow-moving institutional/behavioural under-reaction and forced de-risking create multi-month autocorrelation; counterparty = late/price-insensitive holders. Literature: Moskowitz-Ooi-Pedersen 2012, Faber 2007.",tested,
08e29c0a75,2026-09-30T05:38:49Z,gtaa_trend,gtaa5_sma210,"{""assets"": [""SPY"", ""EFA"", ""IEF"", ""GLD"", ""VNQ""], ""exec"": ""next_open"", ""n"": 210}",GTAA5,"yahoo chart API (adj close = dividend+split adjusted), fetched 2026-09-30",2006-01-03..2023-12-29,VALIDATION,1.0,2516,53,0.0205144090044298,0.14264329204681422,0.008985682784462571,-1.357119942046882,25.00653524092222,-0.17794019403912187,0.6595951165388584,"economic: slow-moving institutional/behavioural under-reaction and forced de-risking create multi-month autocorrelation; counterparty = late/price-insensitive holders. Literature: Moskowitz-Ooi-Pedersen 2012, Faber 2007.",tested,
08e29c0a75,2026-09-30T05:38:49Z,gtaa_trend,gtaa5_sma210,"{""assets"": [""SPY"", ""EFA"", ""IEF"", ""GLD"", ""VNQ""], ""exec"": ""next_open"", ""n"": 210}",GTAA5,"yahoo chart API (adj close = dividend+split adjusted), fetched 2026-09-30",2006-01-03..2023-12-29,DEV+VAL,1.0,4529,76,0.05282851702206792,0.511407867146322,0.03221566749978875,-0.6084873172166441,12.697399464566882,-0.17794019403912176,0.5086824814512749,"economic: slow-moving institutional/behavioural under-reaction and forced de-risking create multi-month autocorrelation; counterparty = late/price-insensitive holders. Literature: Moskowitz-Ooi-Pedersen 2012, Faber 2007.",tested,
b3634313f2,2026-09-30T05:38:49Z,gtaa_trend,gtaa5_sma250,"{""assets"": [""SPY"", ""EFA"", ""IEF"", ""GLD"", ""VNQ""], ""exec"": ""next_open"", ""n"": 250}",GTAA5,"yahoo chart API (adj close = dividend+split adjusted), fetched 2026-09-30",2006-01-03..2023-12-29,DEVELOPMENT,1.0,2013,23,0.08825943846316098,0.8122314717429882,0.05116577336314126,-0.14188126791219483,7.8180125141710395,-0.09678022736803804,0.3659575482723184,"economic: slow-moving institutional/behavioural under-reaction and forced de-risking create multi-month autocorrelation; counterparty = late/price-insensitive holders. Literature: Moskowitz-Ooi-Pedersen 2012, Faber 2007.",tested,
b3634313f2,2026-09-30T05:38:49Z,gtaa_trend,gtaa5_sma250,"{""assets"": [""SPY"", ""EFA"", ""IEF"", ""GLD"", ""VNQ""], ""exec"": ""next_open"", ""n"": 250}",GTAA5,"yahoo chart API (adj close = dividend+split adjusted), fetched 2026-09-30",2006-01-03..2023-12-29,VALIDATION,1.0,2516,51,0.019486113117841652,0.12942824471932018,0.008153213051307858,-1.419474372863484,26.21748020622172,-0.17794019403912198,0.6595951165388584,"economic: slow-moving institutional/behavioural under-reaction and forced de-risking create multi-month autocorrelation; counterparty = late/price-insensitive holders. Literature: Moskowitz-Ooi-Pedersen 2012, Faber 2007.",tested,
b3634313f2,2026-09-30T05:38:49Z,gtaa_trend,gtaa5_sma250,"{""assets"": [""SPY"", ""EFA"", ""IEF"", ""GLD"", ""VNQ""], ""exec"": ""next_open"", ""n"": 250}",GTAA5,"yahoo chart API (adj close = dividend+split adjusted), fetched 2026-09-30",2006-01-03..2023-12-29,DEV+VAL,1.0,4529,74,0.0495001653240581,0.4737173661567206,0.029841389109124004,-0.5974354459405254,14.339208124310028,-0.17794019403912187,0.5086824814512749,"economic: slow-moving institutional/behavioural under-reaction and forced de-risking create multi-month autocorrelation; counterparty = late/price-insensitive holders. Literature: Moskowitz-Ooi-Pedersen 2012, Faber 2007.",tested,
39ec4dac38,2026-09-30T05:38:49Z,gtaa_trend,gtaa10_sma170,"{""assets"": [""SPY"", ""QQQ"", ""IWM"", ""EFA"", ""EEM"", ""TLT"", ""IEF"", ""LQD"", ""GLD"", ""VNQ""], ""exec"": ""next_open"", ""n"": 170}",GTAA10,"yahoo chart API (adj close = dividend+split adjusted), fetched 2026-09-30",2006-01-03..2023-12-29,DEVELOPMENT,1.0,2013,74,0.08637803649371545,0.8439783098262439,0.05316563618411576,-0.2657337863340623,5.471159342162941,-0.09290252480653882,0.3659575482723184,"economic: slow-moving institutional/behavioural under-reaction and forced de-risking create multi-month autocorrelation; counterparty = late/price-insensitive holders. Literature: Moskowitz-Ooi-Pedersen 2012, Faber 2007.",tested,
39ec4dac38,2026-09-30T05:38:49Z,gtaa_trend,gtaa10_sma170,"{""assets"": [""SPY"", ""QQQ"", ""IWM"", ""EFA"", ""EEM"", ""TLT"", ""IEF"", ""LQD"", ""GLD"", ""VNQ""], ""exec"": ""next_open"", ""n"": 170}",GTAA10,"yahoo chart API (adj close = dividend+split adjusted), fetched 2026-09-30",2006-01-03..2023-12-29,VALIDATION,1.0,2516,110,0.04590147538881273,0.5219977342707441,0.03288276642427541,-0.6148393188747694,7.199890207335844,-0.11233735177470316,0.6595951165388584,"economic: slow-moving institutional/behavioural under-reaction and forced de-risking create multi-month autocorrelation; counterparty = late/price-insensitive holders. Literature: Moskowitz-Ooi-Pedersen 2012, Faber 2007.",tested,
39ec4dac38,2026-09-30T05:38:49Z,gtaa_trend,gtaa10_sma170,"{""assets"": [""SPY"", ""QQQ"", ""IWM"", ""EFA"", ""EEM"", ""TLT"", ""IEF"", ""LQD"", ""GLD"", ""VNQ""], ""exec"": ""next_open"", ""n"": 170}",GTAA10,"yahoo chart API (adj close = dividend+split adjusted), fetched 2026-09-30",2006-01-03..2023-12-29,DEV+VAL,1.0,4529,184,0.06370244742785847,0.6806147240554268,0.042874697583321665,-0.3872494797565154,6.424312488298888,-0.11233735177470139,0.5086824814512749,"economic: slow-moving institutional/behavioural under-reaction and forced de-risking create multi-month autocorrelation; counterparty = late/price-insensitive holders. Literature: Moskowitz-Ooi-Pedersen 2012, Faber 2007.",tested,
b21df401e2,2026-09-30T05:38:49Z,gtaa_trend,gtaa10_sma210,"{""assets"": [""SPY"", ""QQQ"", ""IWM"", ""EFA"", ""EEM"", ""TLT"", ""IEF"", ""LQD"", ""GLD"", ""VNQ""], ""exec"": ""next_open"", ""n"": 210}",GTAA10,"yahoo chart API (adj close = dividend+split adjusted), fetched 2026-09-30",2006-01-03..2023-12-29,DEVELOPMENT,1.0,2013,56,0.08400236521174276,0.798996400769222,0.05033204225883471,-0.2167838326925419,6.378289946184371,-0.09290252480653882,0.3659575482723184,"economic: slow-moving institutional/behavioural under-reaction and forced de-risking create multi-month autocorrelation; counterparty = late/price-insensitive holders. Literature: Moskowitz-Ooi-Pedersen 2012, Faber 2007.",tested,
b21df401e2,2026-09-30T05:38:49Z,gtaa_trend,gtaa10_sma210,"{""assets"": [""SPY"", ""QQQ"", ""IWM"", ""EFA"", ""EEM"", ""TLT"", ""IEF"", ""LQD"", ""GLD"", ""VNQ""], ""exec"": ""next_open"", ""n"": 210}",GTAA10,"yahoo chart API (adj close = dividend+split adjusted), fetched 2026-09-30",2006-01-03..2023-12-29,VALIDATION,1.0,2516,104,0.036804999558444074,0.3755950304724266,0.023660262959565893,-0.9066192916254199,11.542274622616855,-0.14033456069837602,0.6595951165388584,"economic: slow-moving institutional/behavioural under-reaction and forced de-risking create multi-month autocorrelation; counterparty = late/price-insensitive holders. Literature: Moskowitz-Ooi-Pedersen 2012, Faber 2007.",tested,
b21df401e2,2026-09-30T05:38:49Z,gtaa_trend,gtaa10_sma210,"{""assets"": [""SPY"", ""QQQ"", ""IWM"", ""EFA"", ""EEM"", ""TLT"", ""IEF"", ""LQD"", ""GLD"", ""VNQ""], ""exec"": ""next_open"", ""n"": 210}",GTAA10,"yahoo chart API (adj close = dividend+split adjusted), fetched 2026-09-30",2006-01-03..2023-12-29,DEV+VAL,1.0,4529,160,0.05752359720423428,0.5858656894040143,0.03690606942496264,-0.46756676125849295,8.509591494816648,-0.1403345606983759,0.5086824814512749,"economic: slow-moving institutional/behavioural under-reaction and forced de-risking create multi-month autocorrelation; counterparty = late/price-insensitive holders. Literature: Moskowitz-Ooi-Pedersen 2012, Faber 2007.",tested,
cdf37eb034,2026-09-30T05:38:50Z,gtaa_trend,gtaa10_sma250,"{""assets"": [""SPY"", ""QQQ"", ""IWM"", ""EFA"", ""EEM"", ""TLT"", ""IEF"", ""LQD"", ""GLD"", ""VNQ""], ""exec"": ""next_open"", ""n"": 250}",GTAA10,"yahoo chart API (adj close = dividend+split adjusted), fetched 2026-09-30",2006-01-03..2023-12-29,DEVELOPMENT,1.0,2013,55,0.07698025917209383,0.7261392260230494,0.04574247164918833,-0.2328916578296999,7.9636309124799345,-0.1000525318437655,0.3659575482723184,"economic: slow-moving institutional/behavioural under-reaction and forced de-risking create multi-month autocorrelation; counterparty = late/price-insensitive holders. Literature: Moskowitz-Ooi-Pedersen 2012, Faber 2007.",tested,
cdf37eb034,2026-09-30T05:38:50Z,gtaa_trend,gtaa10_sma250,"{""assets"": [""SPY"", ""QQQ"", ""IWM"", ""EFA"", ""EEM"", ""TLT"", ""IEF"", ""LQD"", ""GLD"", ""VNQ""], ""exec"": ""next_open"", ""n"": 250}",GTAA10,"yahoo chart API (adj close = dividend+split adjusted), fetched 2026-09-30",2006-01-03..2023-12-29,VALIDATION,1.0,2516,102,0.03135883441458431,0.3031429683107465,0.019096212044004027,-0.9330035636634932,12.061210900317569,-0.14033456069837635,0.6595951165388584,"economic: slow-moving institutional/behavioural under-reaction and forced de-risking create multi-month autocorrelation; counterparty = late/price-insensitive holders. Literature: Moskowitz-Ooi-Pedersen 2012, Faber 2007.",tested,
cdf37eb034,2026-09-30T05:38:50Z,gtaa_trend,gtaa10_sma250,"{""assets"": [""SPY"", ""QQQ"", ""IWM"", ""EFA"", ""EEM"", ""TLT"", ""IEF"", ""LQD"", ""GLD"", ""VNQ""], ""exec"": ""next_open"", ""n"": 250}",GTAA10,"yahoo chart API (adj close = dividend+split adjusted), fetched 2026-09-30",2006-01-03..2023-12-29,DEV+VAL,1.0,4529,157,0.05139255776258289,0.5149813198274694,0.03244077385969763,-0.4806071914218871,9.860821905303753,-0.14033456069837602,0.5086824814512749,"economic: slow-moving institutional/behavioural under-reaction and forced de-risking create multi-month autocorrelation; counterparty = late/price-insensitive holders. Literature: Moskowitz-Ooi-Pedersen 2012, Faber 2007.",tested,
e3b88f024b,2026-09-30T05:38:50Z,sector_momentum,sect_L63s0_k1_abs0,"{""abs"": false, ""exec"": ""next_open"", ""k"": 1, ""lookback"": 63, ""skip"": 0}",SECTORS9,"yahoo chart API (adj close = dividend+split adjusted), fetched 2026-09-30",2000-01-03..2023-12-29,DEVELOPMENT,1.0,3521,98,0.02514611043879844,0.13943049740171434,0.008783295745308898,-0.10930866152050277,4.808861746044008,-0.6596815516742864,0.17807766855747037,"economic: herding and slow diffusion of information across sectors/asset classes; losers keep being sold by constrained institutions. Literature: Jegadeesh-Titman 1993, Moskowitz-Grinblatt 1999, Antonacci dual momentum.",tested,
e3b88f024b,2026-09-30T05:38:50Z,sector_momentum,sect_L63s0_k1_abs0,"{""abs"": false, ""exec"": ""next_open"", ""k"": 1, ""lookback"": 63, ""skip"": 0}",SECTORS9,"yahoo chart API (adj close = dividend+split adjusted), fetched 2026-09-30",2000-01-03..2023-12-29,VALIDATION,1.0,2516,67,0.10089443351056437,0.48645204714687557,0.03064359860735476,-0.4010025209798322,12.801396501456088,-0.3115320407667871,0.6595951165388584,"economic: herding and slow diffusion of information across sectors/asset classes; losers keep being sold by constrained institutions. Literature: Jegadeesh-Titman 1993, Moskowitz-Grinblatt 1999, Antonacci dual momentum.",tested,
e3b88f024b,2026-09-30T05:38:50Z,sector_momentum,sect_L63s0_k1_abs0,"{""abs"": false, ""exec"": ""next_open"", ""k"": 1, ""lookback"": 63, ""skip"": 0}",SECTORS9,"yahoo chart API (adj close = dividend+split adjusted), fetched 2026-09-30",2000-01-03..2023-12-29,DEV+VAL,1.0,6037,165,0.05606031113695442,0.2807932179203514,0.017688310105971786,-0.22392301732911457,7.850145233496471,-0.6596815516742864,0.35661522535586654,"economic: herding and slow diffusion of information across sectors/asset classes; losers keep being sold by constrained institutions. Literature: Jegadeesh-Titman 1993, Moskowitz-Grinblatt 1999, Antonacci dual momentum.",tested,
de933c39e0,2026-09-30T05:38:50Z,sector_momentum,sect_L63s0_k1_abs1,"{""abs"": true, ""exec"": ""next_open"", ""k"": 1, ""lookback"": 63, ""skip"": 0}",SECTORS9,"yahoo chart API (adj close = dividend+split adjusted), fetched 2026-09-30",2000-01-03..2023-12-29,DEVELOPMENT,1.0,3521,94,0.028163102287528607,0.146900173467907,0.00925384110829359,-0.15107569058022993,5.288832087270611,-0.6051556176561728,0.17807766855747037,"economic: herding and slow diffusion of information across sectors/asset classes; losers keep being sold by constrained institutions. Literature: Jegadeesh-Titman 1993, Moskowitz-Grinblatt 1999, Antonacci dual momentum.",tested,
de933c39e0,2026-09-30T05:38:50Z,sector_momentum,sect_L63s0_k1_abs1,"{""abs"": true, ""exec"": ""next_open"", ""k"": 1, ""lookback"": 63, ""skip"": 0}",SECTORS9,"yahoo chart API (adj close = dividend+split adjusted), fetched 2026-09-30",2000-01-03..2023-12-29,VALIDATION,1.0,2516,64,0.07137742646508971,0.36819956831928624,0.023194392633670662,-0.42153748538297364,13.89851153613899,-0.3115320407667874,0.6595951165388584,"economic: herding and slow diffusion of information across sectors/asset classes; losers keep being sold by constrained institutions. Literature: Jegadeesh-Titman 1993, Moskowitz-Grinblatt 1999, Antonacci dual momentum.",tested,
de933c39e0,2026-09-30T05:38:50Z,sector_momentum,sect_L63s0_k1_abs1,"{""abs"": true, ""exec"": ""next_open"", ""k"": 1, ""lookback"": 63, ""skip"": 0}",SECTORS9,"yahoo chart API (adj close = dividend+split adjusted), fetched 2026-09-30",2000-01-03..2023-12-29,DEV+VAL,1.0,6037,158,0.04595726533759681,0.23952368310975156,0.015088573776634397,-0.2650207991895981,8.931416066458244,-0.6051556176561728,0.35661522535586654,"economic: herding and slow diffusion of information across sectors/asset classes; losers keep being sold by constrained institutions. Literature: Jegadeesh-Titman 1993, Moskowitz-Grinblatt 1999, Antonacci dual momentum.",tested,
1cc086064b,2026-09-30T05:38:50Z,sector_momentum,sect_L63s0_k3_abs0,"{""abs"": false, ""exec"": ""next_open"", ""k"": 3, ""lookback"": 63, ""skip"": 0}",SECTORS9,"yahoo chart API (adj close = dividend+split adjusted), fetched 2026-09-30",2000-01-03..2023-12-29,DEVELOPMENT,1.0,3521,198,0.06388801508263686,0.3162396937417229,0.019921228198281616,-0.1515527756092349,7.803394394455835,-0.4938006156364414,0.17807766855747037,"economic: herding and slow diffusion of information across sectors/asset classes; losers keep being sold by constrained institutions. Literature: Jegadeesh-Titman 1993, Moskowitz-Grinblatt 1999, Antonacci dual momentum.",tested,
1cc086064b,2026-09-30T05:38:50Z,sector_momentum,sect_L63s0_k3_abs0,"{""abs"": false, ""exec"": ""next_open"", ""k"": 3, ""lookback"": 63, ""skip"": 0}",SECTORS9,"yahoo chart API (adj close = dividend+split adjusted), fetched 2026-09-30",2000-01-03..2023-12-29,VALIDATION,1.0,2516,137,0.0989390894423432,0.5515863662508426,0.034746675039845715,-0.3096143217876527,15.942234363072217,-0.30536250318836855,0.6595951165388584,"economic: herding and slow diffusion of information across sectors/asset classes; losers keep being sold by constrained institutions. Literature: Jegadeesh-Titman 1993, Moskowitz-Grinblatt 1999, Antonacci dual momentum.",tested,
1cc086064b,2026-09-30T05:38:50Z,sector_momentum,sect_L63s0_k3_abs0,"{""abs"": false, ""exec"": ""next_open"", ""k"": 3, ""lookback"": 63, ""skip"": 0}",SECTORS9,"yahoo chart API (adj close = dividend+split adjusted), fetched 2026-09-30",2000-01-03..2023-12-29,DEV+VAL,1.0,6037,335,0.07835805625529413,0.40847428429945193,0.025731461267177267,-0.20871632062495707,10.55751438636142,-0.4938006156364414,0.35661522535586654,"economic: herding and slow diffusion of information across sectors/asset classes; losers keep being sold by constrained institutions. Literature: Jegadeesh-Titman 1993, Moskowitz-Grinblatt 1999, Antonacci dual momentum.",tested,
887d4b09d1,2026-09-30T05:38:51Z,sector_momentum,sect_L63s0_k3_abs1,"{""abs"": true, ""exec"": ""next_open"", ""k"": 3, ""lookback"": 63, ""skip"": 0}",SECTORS9,"yahoo chart API (adj close = dividend+split adjusted), fetched 2026-09-30",2000-01-03..2023-12-29,DEVELOPMENT,1.0,3521,184,0.06328848076474469,0.33676409041980293,0.021214143660658758,-0.21745195109488547,10.969951202408929,-0.42648176589593634,0.17807766855747037,"economic: herding and slow diffusion of information across sectors/asset classes; losers keep being sold by constrained institutions. Literature: Jegadeesh-Titman 1993, Moskowitz-Grinblatt 1999, Antonacci dual momentum.",tested,
887d4b09d1,2026-09-30T05:38:51Z,sector_momentum,sect_L63s0_k3_abs1,"{""abs"": true, ""exec"": ""next_open"", ""k"": 3, ""lookback"": 63, ""skip"": 0}",SECTORS9,"yahoo chart API (adj close = dividend+split adjusted), fetched 2026-09-30",2000-01-03..2023-12-29,VALIDATION,1.0,2516,135,0.05418438694879324,0.3358875270127848,0.021158925356293296,-0.43965376848544707,10.553417065393614,-0.25640214651684734,0.6595951165388584,"economic: herding and slow diffusion of information across sectors/asset classes; losers keep being sold by constrained institutions. Literature: Jegadeesh-Titman 1993, Moskowitz-Grinblatt 1999, Antonacci dual momentum.",tested,
887d4b09d1,2026-09-30T05:38:51Z,sector_momentum,sect_L63s0_k3_abs1,"{""abs"": true, ""exec"": ""next_open"", ""k"": 3, ""lookback"": 63, ""skip"": 0}",SECTORS9,"yahoo chart API (adj close = dividend+split adjusted), fetched 2026-09-30",2000-01-03..2023-12-29,DEV+VAL,1.0,6037,319,0.05948471174536074,0.33629559174483675,0.021184631018193907,-0.3005886657981198,10.857226043405307,-0.42648176589593634,0.35661522535586654,"economic: herding and slow diffusion of information across sectors/asset classes; losers keep being sold by constrained institutions. Literature: Jegadeesh-Titman 1993, Moskowitz-Grinblatt 1999, Antonacci dual momentum.",tested,
f5df81dada,2026-09-30T05:38:51Z,sector_momentum,sect_L126s0_k1_abs0,"{""abs"": false, ""exec"": ""next_open"", ""k"": 1, ""lookback"": 126, ""skip"": 0}",SECTORS9,"yahoo chart API (adj close = dividend+split adjusted), fetched 2026-09-30",2000-01-03..2023-12-29,DEVELOPMENT,1.0,3521,78,0.07156951192125471,0.32855607553307536,0.020697087323806446,-0.12451704971659641,4.772686286913414,-0.5213409171255685,0.17807766855747037,"economic: herding and slow diffusion of information across sectors/asset classes; losers keep being sold by constrained institutions. Literature: Jegadeesh-Titman 1993, Moskowitz-Grinblatt 1999, Antonacci dual momentum.",tested,
f5df81dada,2026-09-30T05:38:51Z,sector_momentum,sect_L126s0_k1_abs0,"{""abs"": false, ""exec"": ""next_open"", ""k"": 1, ""lookback"": 126, ""skip"": 0}",SECTORS9,"yahoo chart API (adj close = dividend+split adjusted), fetched 2026-09-30",2000-01-03..2023-12-29,VALIDATION,1.0,2516,56,0.127170136531231,0.5866916014836059,0.03695809699561511,-0.38090883573629397,12.171740755982585,-0.3115320407667873,0.6595951165388584,"economic: herding and slow diffusion of information across sectors/asset classes; losers keep being sold by constrained institutions. Literature: Jegadeesh-Titman 1993, Moskowitz-Grinblatt 1999, Antonacci dual momentum.",tested,
f5df81dada,2026-09-30T05:38:51Z,sector_momentum,sect_L126s0_k1_abs0,"{""abs"": false, ""exec"": ""next_open"", ""k"": 1, ""lookback"": 126, ""skip"": 0}",SECTORS9,"yahoo chart API (adj close = dividend+split adjusted), fetched 2026-09-30",2000-01-03..2023-12-29,DEV+VAL,1.0,6037,134,0.09440047699886489,0.43326570772395867,0.027293174148809315,-0.22409696107397922,7.5509746288766335,-0.5213409171255685,0.35661522535586654,"economic: herding and slow diffusion of information across sectors/asset classes; losers keep being sold by constrained institutions. Literature: Jegadeesh-Titman 1993, Moskowitz-Grinblatt 1999, Antonacci dual momentum.",tested,
ec401e776f,2026-09-30T05:38:51Z,sector_momentum,sect_L126s0_k1_abs1,"{""abs"": true, ""exec"": ""next_open"", ""k"": 1, ""lookback"": 126, ""skip"": 0}",SECTORS9,"yahoo chart API (adj close = dividend+split adjusted), fetched 2026-09-30",2000-01-03..2023-12-29,DEVELOPMENT,1.0,3521,72,0.08705226425554935,0.4009992513252297,0.02526057845070585,-0.122448847155428,5.247667749008619,-0.3744640785006552,0.17807766855747037,"economic: herding and slow diffusion of information across sectors/asset classes; losers keep being sold by constrained institutions. Literature: Jegadeesh-Titman 1993, Moskowitz-Grinblatt 1999, Antonacci dual momentum.",tested,
ec401e776f,2026-09-30T05:38:51Z,sector_momentum,sect_L126s0_k1_abs1,"{""abs"": true, ""exec"": ""next_open"", ""k"": 1, ""lookback"": 126, ""skip"": 0}",SECTORS9,"yahoo chart API (adj close = dividend+split adjusted), fetched 2026-09-30",2000-01-03..2023-12-29,VALIDATION,1.0,2516,56,0.10035044633737322,0.48406107678430194,0.03049298163184296,-0.4129327122010476,12.729604665405757,-0.3115320407667873,0.6595951165388584,"economic: herding and slow diffusion of information across sectors/asset classes; losers keep being sold by constrained institutions. Literature: Jegadeesh-Titman 1993, Moskowitz-Grinblatt 1999, Antonacci dual momentum.",tested,
ec401e776f,2026-09-30T05:38:51Z,sector_momentum,sect_L126s0_k1_abs1,"{""abs"": true, ""exec"": ""next_open"", ""k"": 1, ""lookback"": 126, ""skip"": 0}",SECTORS9,"yahoo chart API (adj close = dividend+split adjusted), fetched 2026-09-30",2000-01-03..2023-12-29,DEV+VAL,1.0,6037,128,0.09257481361055886,0.4358888320283428,0.027458415448033357,-0.24601663808017957,8.453855814114899,-0.3744640785006552,0.35661522535586654,"economic: herding and slow diffusion of information across sectors/asset classes; losers keep being sold by constrained institutions. Literature: Jegadeesh-Titman 1993, Moskowitz-Grinblatt 1999, Antonacci dual momentum.",tested,
f982509a38,2026-09-30T05:38:51Z,sector_momentum,sect_L126s0_k3_abs0,"{""abs"": false, ""exec"": ""next_open"", ""k"": 3, ""lookback"": 126, ""skip"": 0}",SECTORS9,"yahoo chart API (adj close = dividend+split adjusted), fetched 2026-09-30",2000-01-03..2023-12-29,DEVELOPMENT,1.0,3521,135,0.05869888698570325,0.2915054008426874,0.01836311420147498,-0.19023855351687452,6.473349565963179,-0.4999631089690504,0.17807766855747037,"economic: herding and slow diffusion of information across sectors/asset classes; losers keep being sold by constrained institutions. Literature: Jegadeesh-Titman 1993, Moskowitz-Grinblatt 1999, Antonacci dual momentum.",tested,
f982509a38,2026-09-30T05:38:51Z,sector_momentum,sect_L126s0_k3_abs0,"{""abs"": false, ""exec"": ""next_open"", ""k"": 3, ""lookback"": 126, ""skip"": 0}",SECTORS9,"yahoo chart API (adj close = dividend+split adjusted), fetched 2026-09-30",2000-01-03..2023-12-29,VALIDATION,1.0,2516,100,0.10968076416359951,0.605294558839223,0.0381299731578366,-0.3132523843699086,16.517518361284935,-0.3133124873586488,0.6595951165388584,"economic: herding and slow diffusion of information across sectors/asset classes; losers keep being sold by constrained institutions. Literature: Jegadeesh-Titman 1993, Moskowitz-Grinblatt 1999, Antonacci dual momentum.",tested,
f982509a38,2026-09-30T05:38:51Z,sector_momentum,sect_L126s0_k3_abs0,"{""abs"": false, ""exec"": ""next_open"", ""k"": 3, ""lookback"": 126, ""skip"": 0}",SECTORS9,"yahoo chart API (adj close = dividend+split adjusted), fetched 2026-09-30",2000-01-03..2023-12-29,DEV+VAL,1.0,6037,235,0.07965524113071232,0.41526156130267444,0.026159019529792375,-0.2363198887135899,9.90229869371485,-0.4999631089690504,0.35661522535586654,"economic: herding and slow diffusion of information across sectors/asset classes; losers keep being sold by constrained institutions. Literature: Jegadeesh-Titman 1993, Moskowitz-Grinblatt 1999, Antonacci dual momentum.",tested,
a39a3d33a7,2026-09-30T05:38:51Z,sector_momentum,sect_L126s0_k3_abs1,"{""abs"": true, ""exec"": ""next_open"", ""k"": 3, ""lookback"": 126, ""skip"": 0}",SECTORS9,"yahoo chart API (adj close = dividend+split adjusted), fetched 2026-09-30",2000-01-03..2023-12-29,DEVELOPMENT,1.0,3521,133,0.06725249707920389,0.36708144797919157,0.023123957672819866,-0.30066559391037084,5.90048175880104,-0.22423890395242507,0.17807766855747037,"economic: herding and slow diffusion of information across sectors/asset classes; losers keep being sold by constrained institutions. Literature: Jegadeesh-Titman 1993, Moskowitz-Grinblatt 1999, Antonacci dual momentum.",tested,
a39a3d33a7,2026-09-30T05:38:51Z,sector_momentum,sect_L126s0_k3_abs1,"{""abs"": true, ""exec"": ""next_open"", ""k"": 3, ""lookback"": 126, ""skip"": 0}",SECTORS9,"yahoo chart API (adj close = dividend+split adjusted), fetched 2026-09-30",2000-01-03..2023-12-29,VALIDATION,1.0,2516,103,0.07676310268022557,0.4460481033262871,0.028098389385080903,-0.43305020208696143,18.68564363996571,-0.3133124873586487,0.6595951165388584,"economic: herding and slow diffusion of information across sectors/asset classes; losers keep being sold by constrained institutions. Literature: Jegadeesh-Titman 1993, Moskowitz-Grinblatt 1999, Antonacci dual momentum.",tested,
a39a3d33a7,2026-09-30T05:38:51Z,sector_momentum,sect_L126s0_k3_abs1,"{""abs"": true, ""exec"": ""next_open"", ""k"": 3, ""lookback"": 126, ""skip"": 0}",SECTORS9,"yahoo chart API (adj close = dividend+split adjusted), fetched 2026-09-30",2000-01-03..2023-12-29,DEV+VAL,1.0,6037,236,0.07120591616730576,0.40110085199402873,0.02526697869124585,-0.36261473374954384,12.131939581627954,-0.31331248735864903,0.35661522535586654,"economic: herding and slow diffusion of information across sectors/asset classes; losers keep being sold by constrained institutions. Literature: Jegadeesh-Titman 1993, Moskowitz-Grinblatt 1999, Antonacci dual momentum.",tested,
6412008b74,2026-09-30T05:38:51Z,sector_momentum,sect_L252s21_k1_abs0,"{""abs"": false, ""exec"": ""next_open"", ""k"": 1, ""lookback"": 252, ""skip"": 21}",SECTORS9,"yahoo chart API (adj close = dividend+split adjusted), fetched 2026-09-30",2000-01-03..2023-12-29,DEVELOPMENT,1.0,3521,55,0.0697091246177941,0.3165478833467708,0.019940642318558095,-0.30589567963710984,6.212533513165958,-0.5434254614712437,0.17807766855747037,"economic: herding and slow diffusion of information across sectors/asset classes; losers keep being sold by constrained institutions. Literature: Jegadeesh-Titman 1993, Moskowitz-Grinblatt 1999, Antonacci dual momentum.",tested,
6412008b74,2026-09-30T05:38:51Z,sector_momentum,sect_L252s21_k1_abs0,"{""abs"": false, ""exec"": ""next_open"", ""k"": 1, ""lookback"": 252, ""skip"": 21}",SECTORS9,"yahoo chart API (adj close = dividend+split adjusted), fetched 2026-09-30",2000-01-03..2023-12-29,VALIDATION,1.0,2516,36,0.15035333287529462,0.6631331115954452,0.04177345950985692,-0.32834384687023743,11.735062273210316,-0.3115320407667874,0.6595951165388584,"economic: herding and slow diffusion of information across sectors/asset classes; losers keep being sold by constrained institutions. Literature: Jegadeesh-Titman 1993, Moskowitz-Grinblatt 1999, Antonacci dual momentum.",tested,
6412008b74,2026-09-30T05:38:51Z,sector_momentum,sect_L252s21_k1_abs0,"{""abs"": false, ""exec"": ""next_open"", ""k"": 1, ""lookback"": 252, ""skip"": 21}",SECTORS9,"yahoo chart API (adj close = dividend+split adjusted), fetched 2026-09-30",2000-01-03..2023-12-29,DEV+VAL,1.0,6037,91,0.10260781136918506,0.4538735023605929,0.02859134318876229,-0.31668572142439055,8.144110308392273,-0.5434254614712437,0.35661522535586654,"economic: herding and slow diffusion of information across sectors/asset classes; losers keep being sold by constrained institutions. Literature: Jegadeesh-Titman 1993, Moskowitz-Grinblatt 1999, Antonacci dual momentum.",tested,
48657e605f,2026-09-30T05:38:52Z,sector_momentum,sect_L252s21_k1_abs1,"{""abs"": true, ""exec"": ""next_open"", ""k"": 1, ""lookback"": 252, ""skip"": 21}",SECTORS9,"yahoo chart API (adj close = dividend+split adjusted), fetched 2026-09-30",2000-01-03..2023-12-29,DEVELOPMENT,1.0,3521,55,0.05650082226520059,0.26812215225412234,0.01689010799647152,-0.31447061464282994,6.92109959924602,-0.5434254614712437,0.17807766855747037,"economic: herding and slow diffusion of information across sectors/asset classes; losers keep being sold by constrained institutions. Literature: Jegadeesh-Titman 1993, Moskowitz-Grinblatt 1999, Antonacci dual momentum.",tested,
48657e605f,2026-09-30T05:38:52Z,sector_momentum,sect_L252s21_k1_abs1,"{""abs"": true, ""exec"": ""next_open"", ""k"": 1, ""lookback"": 252, ""skip"": 21}",SECTORS9,"yahoo chart API (adj close = dividend+split adjusted), fetched 2026-09-30",2000-01-03..2023-12-29,VALIDATION,1.0,2516,37,0.13840449632968155,0.6195283116859235,0.03902661530677772,-0.32508038667818834,11.861269611740177,-0.3115320407667874,0.6595951165388584,"economic: herding and slow diffusion of information across sectors/asset classes; losers keep being sold by constrained institutions. Literature: Jegadeesh-Titman 1993, Moskowitz-Grinblatt 1999, Antonacci dual momentum.",tested,
48657e605f,2026-09-30T05:38:52Z,sector_momentum,sect_L252s21_k1_abs1,"{""abs"": true, ""exec"": ""next_open"", ""k"": 1, ""lookback"": 252, ""skip"": 21}",SECTORS9,"yahoo chart API (adj close = dividend+split adjusted), fetched 2026-09-30",2000-01-03..2023-12-29,DEV+VAL,1.0,6037,92,0.08989365414091033,0.41035087935004805,0.025849675643735647,-0.3200748866639312,8.770827178750354,-0.5434254614712437,0.35661522535586654,"economic: herding and slow diffusion of information across sectors/asset classes; losers keep being sold by constrained institutions. Literature: Jegadeesh-Titman 1993, Moskowitz-Grinblatt 1999, Antonacci dual momentum.",tested,
405d1e0aa4,2026-09-30T05:38:52Z,sector_momentum,sect_L252s21_k3_abs0,"{""abs"": false, ""exec"": ""next_open"", ""k"": 3, ""lookback"": 252, ""skip"": 21}",SECTORS9,"yahoo chart API (adj close = dividend+split adjusted), fetched 2026-09-30",2000-01-03..2023-12-29,DEVELOPMENT,1.0,3521,112,0.07997164162995696,0.3888735426517666,0.024496730602601033,-0.0342564307468958,9.931188767253428,-0.4472672217700022,0.17807766855747037,"economic: herding and slow diffusion of information across sectors/asset classes; losers keep being sold by constrained institutions. Literature: Jegadeesh-Titman 1993, Moskowitz-Grinblatt 1999, Antonacci dual momentum.",tested,
405d1e0aa4,2026-09-30T05:38:52Z,sector_momentum,sect_L252s21_k3_abs0,"{""abs"": false, ""exec"": ""next_open"", ""k"": 3, ""lookback"": 252, ""skip"": 21}",SECTORS9,"yahoo chart API (adj close = dividend+split adjusted), fetched 2026-09-30",2000-01-03..2023-12-29,VALIDATION,1.0,2516,75,0.10794415038207772,0.5909287906323826,0.03722501482289141,-0.2305370727495846,15.344399038287408,-0.31521689495912353,0.6595951165388584,"economic: herding and slow diffusion of information across sectors/asset classes; losers keep being sold by constrained institutions. Literature: Jegadeesh-Titman 1993, Moskowitz-Grinblatt 1999, Antonacci dual momentum.",tested,
405d1e0aa4,2026-09-30T05:38:52Z,sector_momentum,sect_L252s21_k3_abs0,"{""abs"": false, ""exec"": ""next_open"", ""k"": 3, ""lookback"": 252, ""skip"": 21}",SECTORS9,"yahoo chart API (adj close = dividend+split adjusted), fetched 2026-09-30",2000-01-03..2023-12-29,DEV+VAL,1.0,6037,187,0.09154268521191855,0.4675386094891316,0.02945216402450442,-0.10329048608479656,11.78549343170771,-0.4472672217700022,0.35661522535586654,"economic: herding and slow diffusion of information across sectors/asset classes; losers keep being sold by constrained institutions. Literature: Jegadeesh-Titman 1993, Moskowitz-Grinblatt 1999, Antonacci dual momentum.",tested,
8299b78745,2026-09-30T05:38:52Z,sector_momentum,sect_L252s21_k3_abs1,"{""abs"": true, ""exec"": ""next_open"", ""k"": 3, ""lookback"": 252, ""skip"": 21}",SECTORS9,"yahoo chart API (adj close = dividend+split adjusted), fetched 2026-09-30",2000-01-03..2023-12-29,DEVELOPMENT,1.0,3521,104,0.07610734596558832,0.40362749686539673,0.02542614235746053,-0.30700823567708285,7.176416323643508,-0.32077316294009706,0.17807766855747037,"economic: herding and slow diffusion of information across sectors/asset classes; losers keep being sold by constrained institutions. Literature: Jegadeesh-Titman 1993, Moskowitz-Grinblatt 1999, Antonacci dual momentum.",tested,
8299b78745,2026-09-30T05:38:52Z,sector_momentum,sect_L252s21_k3_abs1,"{""abs"": true, ""exec"": ""next_open"", ""k"": 3, ""lookback"": 252, ""skip"": 21}",SECTORS9,"yahoo chart API (adj close = dividend+split adjusted), fetched 2026-09-30",2000-01-03..2023-12-29,VALIDATION,1.0,2516,79,0.09363948227492447,0.5209350680075012,0.032815824741913524,-0.2236886465832913,15.747422262902235,-0.31521689495912375,0.6595951165388584,"economic: herding and slow diffusion of information across sectors/asset classes; losers keep being sold by constrained institutions. Literature: Jegadeesh-Titman 1993, Moskowitz-Grinblatt 1999, Antonacci dual momentum.",tested,
8299b78745,2026-09-30T05:38:52Z,sector_momentum,sect_L252s21_k3_abs1,"{""abs"": true, ""exec"": ""next_open"", ""k"": 3, ""lookback"": 252, ""skip"": 21}",SECTORS9,"yahoo chart API (adj close = dividend+split adjusted), fetched 2026-09-30",2000-01-03..2023-12-29,DEV+VAL,1.0,6037,183,0.08337967711013872,0.4538734047060313,0.028591337037103138,-0.2689048342666093,11.21085146861606,-0.32077316294009706,0.35661522535586654,"economic: herding and slow diffusion of information across sectors/asset classes; losers keep being sold by constrained institutions. Literature: Jegadeesh-Titman 1993, Moskowitz-Grinblatt 1999, Antonacci dual momentum.",tested,
3b83de1872,2026-09-30T05:38:53Z,assetclass_momentum,ac_L126s0_k2_abs0,"{""abs"": false, ""exec"": ""next_open"", ""k"": 2, ""lookback"": 126, ""skip"": 0}",ASSETCLASS12,"yahoo chart API (adj close = dividend+split adjusted), fetched 2026-09-30",2008-06-02..2023-12-29,DEVELOPMENT,1.0,1407,50,0.08627070135022552,0.5115567858485394,0.032225048496256216,-0.162028402997209,7.368379202358824,-0.2681661530213757,0.40528340862244605,"economic: herding and slow diffusion of information across sectors/asset classes; losers keep being sold by constrained institutions. Literature: Jegadeesh-Titman 1993, Moskowitz-Grinblatt 1999, Antonacci dual momentum.",tested,
3b83de1872,2026-09-30T05:38:53Z,assetclass_momentum,ac_L126s0_k2_abs0,"{""abs"": false, ""exec"": ""next_open"", ""k"": 2, ""lookback"": 126, ""skip"": 0}",ASSETCLASS12,"yahoo chart API (adj close = dividend+split adjusted), fetched 2026-09-30",2008-06-02..2023-12-29,VALIDATION,1.0,2516,97,0.027334320108650667,0.1698109075504491,0.010697081697254016,-0.7195637572750739,18.074400390706526,-0.3626282979745358,0.6595951165388584,"economic: herding and slow diffusion of information across sectors/asset classes; losers keep being sold by constrained institutions. Literature: Jegadeesh-Titman 1993, Moskowitz-Grinblatt 1999, Antonacci dual momentum.",tested,
3b83de1872,2026-09-30T05:38:53Z,assetclass_momentum,ac_L126s0_k2_abs0,"{""abs"": false, ""exec"": ""next_open"", ""k"": 2, ""lookback"": 126, ""skip"": 0}",ASSETCLASS12,"yahoo chart API (adj close = dividend+split adjusted), fetched 2026-09-30",2008-06-02..2023-12-29,DEV+VAL,1.0,3923,147,0.04809499568339648,0.3044617178323014,0.019179285455328307,-0.4532858713820197,12.874123596163018,-0.36262829797453555,0.5400669210348017,"economic: herding and slow diffusion of information across sectors/asset classes; losers keep being sold by constrained institutions. Literature: Jegadeesh-Titman 1993, Moskowitz-Grinblatt 1999, Antonacci dual momentum.",tested,
2fe81de48a,2026-09-30T05:38:53Z,assetclass_momentum,ac_L126s0_k2_abs1,"{""abs"": true, ""exec"": ""next_open"", ""k"": 2, ""lookback"": 126, ""skip"": 0}",ASSETCLASS12,"yahoo chart API (adj close = dividend+split adjusted), fetched 2026-09-30",2008-06-02..2023-12-29,DEVELOPMENT,1.0,1407,50,0.08627070135022552,0.5115567858485394,0.032225048496256216,-0.162028402997209,7.368379202358824,-0.2681661530213757,0.40528340862244605,"economic: herding and slow diffusion of information across sectors/asset classes; losers keep being sold by constrained institutions. Literature: Jegadeesh-Titman 1993, Moskowitz-Grinblatt 1999, Antonacci dual momentum.",tested,
2fe81de48a,2026-09-30T05:38:53Z,assetclass_momentum,ac_L126s0_k2_abs1,"{""abs"": true, ""exec"": ""next_open"", ""k"": 2, ""lookback"": 126, ""skip"": 0}",ASSETCLASS12,"yahoo chart API (adj close = dividend+split adjusted), fetched 2026-09-30",2008-06-02..2023-12-29,VALIDATION,1.0,2516,91,0.028908468315520297,0.1794641278053541,0.011305177415001876,-0.7962134760374027,19.828628334409203,-0.3626282979745339,0.6595951165388584,"economic: herding and slow diffusion of information across sectors/asset classes; losers keep being sold by constrained institutions. Literature: Jegadeesh-Titman 1993, Moskowitz-Grinblatt 1999, Antonacci dual momentum.",tested,
2fe81de48a,2026-09-30T05:38:53Z,assetclass_momentum,ac_L126s0_k2_abs1,"{""abs"": true, ""exec"": ""next_open"", ""k"": 2, ""lookback"": 126, ""skip"": 0}",ASSETCLASS12,"yahoo chart API (adj close = dividend+split adjusted), fetched 2026-09-30",2008-06-02..2023-12-29,DEV+VAL,1.0,3923,141,0.04912468813874504,0.3121177903484463,0.019661572690975827,-0.48128637908863486,13.52060994509275,-0.3626282979745352,0.5400669210348017,"economic: herding and slow diffusion of information across sectors/asset classes; losers keep being sold by constrained institutions. Literature: Jegadeesh-Titman 1993, Moskowitz-Grinblatt 1999, Antonacci dual momentum.",tested,
4960182b43,2026-09-30T05:38:53Z,assetclass_momentum,ac_L126s0_k3_abs0,"{""abs"": false, ""exec"": ""next_open"", ""k"": 3, ""lookback"": 126, ""skip"": 0}",ASSETCLASS12,"yahoo chart API (adj close = dividend+split adjusted), fetched 2026-09-30",2008-06-02..2023-12-29,DEVELOPMENT,1.0,1407,66,0.08571001659400634,0.557767580872343,0.03513605496100777,-0.3704322096028219,8.380889693515735,-0.26670510069093123,0.40528340862244605,"economic: herding and slow diffusion of information across sectors/asset classes; losers keep being sold by constrained institutions. Literature: Jegadeesh-Titman 1993, Moskowitz-Grinblatt 1999, Antonacci dual momentum.",tested,
4960182b43,2026-09-30T05:38:53Z,assetclass_momentum,ac_L126s0_k3_abs0,"{""abs"": false, ""exec"": ""next_open"", ""k"": 3, ""lookback"": 126, ""skip"": 0}",ASSETCLASS12,"yahoo chart API (adj close = dividend+split adjusted), fetched 2026-09-30",2008-06-02..2023-12-29,VALIDATION,1.0,2516,111,0.03089583256692463,0.19358596110179407,0.012194769294970726,-1.0581913165277017,24.04050426506362,-0.3518797944372035,0.6595951165388584,"economic: herding and slow diffusion of information across sectors/asset classes; losers keep being sold by constrained institutions. Literature: Jegadeesh-Titman 1993, Moskowitz-Grinblatt 1999, Antonacci dual momentum.",tested,
4960182b43,2026-09-30T05:38:53Z,assetclass_momentum,ac_L126s0_k3_abs0,"{""abs"": false, ""exec"": ""next_open"", ""k"": 3, ""lookback"": 126, ""skip"": 0}",ASSETCLASS12,"yahoo chart API (adj close = dividend+split adjusted), fetched 2026-09-30",2008-06-02..2023-12-29,DEV+VAL,1.0,3923,177,0.05022938162477186,0.3332473228110632,0.020992608124669885,-0.7561516939832302,16.942903063925478,-0.3518797944372024,0.5400669210348017,"economic: herding and slow diffusion of information across sectors/asset classes; losers keep being sold by constrained institutions. Literature: Jegadeesh-Titman 1993, Moskowitz-Grinblatt 1999, Antonacci dual momentum.",tested,
c1a8971cca,2026-09-30T05:38:53Z,assetclass_momentum,ac_L126s0_k3_abs1,"{""abs"": true, ""exec"": ""next_open"", ""k"": 3, ""lookback"": 126, ""skip"": 0}",ASSETCLASS12,"yahoo chart API (adj close = dividend+split adjusted), fetched 2026-09-30",2008-06-02..2023-12-29,DEVELOPMENT,1.0,1407,65,0.08446859587805533,0.5552173084577883,0.034975402899474914,-0.3686876887210243,8.65350059799609,-0.23474905756461462,0.40528340862244605,"economic: herding and slow diffusion of information across sectors/asset classes; losers keep being sold by constrained institutions. Literature: Jegadeesh-Titman 1993, Moskowitz-Grinblatt 1999, Antonacci dual momentum.",tested,
c1a8971cca,2026-09-30T05:38:53Z,assetclass_momentum,ac_L126s0_k3_abs1,"{""abs"": true, ""exec"": ""next_open"", ""k"": 3, ""lookback"": 126, ""skip"": 0}",ASSETCLASS12,"yahoo chart API (adj close = dividend+split adjusted), fetched 2026-09-30",2008-06-02..2023-12-29,VALIDATION,1.0,2516,101,0.03802258213440868,0.2418140884536659,0.015232855751432748,-1.1553396512235508,26.96515698536267,-0.3518797944372033,0.6595951165388584,"economic: herding and slow diffusion of information across sectors/asset classes; losers keep being sold by constrained institutions. Literature: Jegadeesh-Titman 1993, Moskowitz-Grinblatt 1999, Antonacci dual momentum.",tested,
c1a8971cca,2026-09-30T05:38:53Z,assetclass_momentum,ac_L126s0_k3_abs1,"{""abs"": true, ""exec"": ""next_open"", ""k"": 3, ""lookback"": 126, ""skip"": 0}",ASSETCLASS12,"yahoo chart API (adj close = dividend+split adjusted), fetched 2026-09-30",2008-06-02..2023-12-29,DEV+VAL,1.0,3923,166,0.0544473021160925,0.3632719782012258,0.022883983633307632,-0.798933818836196,18.348412243831394,-0.3518797944372043,0.5400669210348017,"economic: herding and slow diffusion of information across sectors/asset classes; losers keep being sold by constrained institutions. Literature: Jegadeesh-Titman 1993, Moskowitz-Grinblatt 1999, Antonacci dual momentum.",tested,
deb6353d58,2026-09-30T05:38:53Z,assetclass_momentum,ac_L252s21_k2_abs0,"{""abs"": false, ""exec"": ""next_open"", ""k"": 2, ""lookback"": 252, ""skip"": 21}",ASSETCLASS12,"yahoo chart API (adj close = dividend+split adjusted), fetched 2026-09-30",2008-06-02..2023-12-29,DEVELOPMENT,1.0,1407,44,0.08328743911239944,0.5298301699316565,0.03337616349376798,0.11139586172588777,7.137330905286381,-0.3157126205377845,0.40528340862244605,"economic: herding and slow diffusion of information across sectors/asset classes; losers keep being sold by constrained institutions. Literature: Jegadeesh-Titman 1993, Moskowitz-Grinblatt 1999, Antonacci dual momentum.",tested,
deb6353d58,2026-09-30T05:38:53Z,assetclass_momentum,ac_L252s21_k2_abs0,"{""abs"": false, ""exec"": ""next_open"", ""k"": 2, ""lookback"": 252, ""skip"": 21}",ASSETCLASS12,"yahoo chart API (adj close = dividend+split adjusted), fetched 2026-09-30",2008-06-02..2023-12-29,VALIDATION,1.0,2516,58,0.054702049298652966,0.33978518353233716,0.021404454638357228,-0.46246608633888503,5.8457239674007,-0.26922876608380075,0.6595951165388584,"economic: herding and slow diffusion of information across sectors/asset classes; losers keep being sold by constrained institutions. Literature: Jegadeesh-Titman 1993, Moskowitz-Grinblatt 1999, Antonacci dual momentum.",tested,
deb6353d58,2026-09-30T05:38:53Z,assetclass_momentum,ac_L252s21_k2_abs0,"{""abs"": false, ""exec"": ""next_open"", ""k"": 2, ""lookback"": 252, ""skip"": 21}",ASSETCLASS12,"yahoo chart API (adj close = dividend+split adjusted), fetched 2026-09-30",2008-06-02..2023-12-29,DEV+VAL,1.0,3923,102,0.0648665105098194,0.41304595584059,0.026019449504646856,-0.20059187996294944,6.594196250788321,-0.3157126205377845,0.5400669210348017,"economic: herding and slow diffusion of information across sectors/asset classes; losers keep being sold by constrained institutions. Literature: Jegadeesh-Titman 1993, Moskowitz-Grinblatt 1999, Antonacci dual momentum.",tested,
22d933d115,2026-09-30T05:38:53Z,assetclass_momentum,ac_L252s21_k2_abs1,"{""abs"": true, ""exec"": ""next_open"", ""k"": 2, ""lookback"": 252, ""skip"": 21}",ASSETCLASS12,"yahoo chart API (adj close = dividend+split adjusted), fetched 2026-09-30",2008-06-02..2023-12-29,DEVELOPMENT,1.0,1407,44,0.08328743911239944,0.5298301699316565,0.03337616349376798,0.11139586172588777,7.137330905286381,-0.3157126205377845,0.40528340862244605,"economic: herding and slow diffusion of information across sectors/asset classes; losers keep being sold by constrained institutions. Literature: Jegadeesh-Titman 1993, Moskowitz-Grinblatt 1999, Antonacci dual momentum.",tested,
22d933d115,2026-09-30T05:38:53Z,assetclass_momentum,ac_L252s21_k2_abs1,"{""abs"": true, ""exec"": ""next_open"", ""k"": 2, ""lookback"": 252, ""skip"": 21}",ASSETCLASS12,"yahoo chart API (adj close = dividend+split adjusted), fetched 2026-09-30",2008-06-02..2023-12-29,VALIDATION,1.0,2516,58,0.050905440862506035,0.3188891928445984,0.020088130953641075,-0.49153850377184166,6.025522615650775,-0.26922876608380075,0.6595951165388584,"economic: herding and slow diffusion of information across sectors/asset classes; losers keep being sold by constrained institutions. Literature: Jegadeesh-Titman 1993, Moskowitz-Grinblatt 1999, Antonacci dual momentum.",tested,
22d933d115,2026-09-30T05:38:53Z,assetclass_momentum,ac_L252s21_k2_abs1,"{""abs"": true, ""exec"": ""next_open"", ""k"": 2, ""lookback"": 252, ""skip"": 21}",ASSETCLASS12,"yahoo chart API (adj close = dividend+split adjusted), fetched 2026-09-30",2008-06-02..2023-12-29,DEV+VAL,1.0,3923,102,0.06240651547505749,0.40084622508190487,0.025250938703470043,-0.2097591284766429,6.7320647182472415,-0.3157126205377845,0.5400669210348017,"economic: herding and slow diffusion of information across sectors/asset classes; losers keep being sold by constrained institutions. Literature: Jegadeesh-Titman 1993, Moskowitz-Grinblatt 1999, Antonacci dual momentum.",tested,
fe61f73f70,2026-09-30T05:38:54Z,assetclass_momentum,ac_L252s21_k3_abs0,"{""abs"": false, ""exec"": ""next_open"", ""k"": 3, ""lookback"": 252, ""skip"": 21}",ASSETCLASS12,"yahoo chart API (adj close = dividend+split adjusted), fetched 2026-09-30",2008-06-02..2023-12-29,DEVELOPMENT,1.0,1407,52,0.11610052326126707,0.7787414302296257,0.04905609904786539,-0.04793520185984464,7.215634657008609,-0.2218114263534522,0.40528340862244605,"economic: herding and slow diffusion of information across sectors/asset classes; losers keep being sold by constrained institutions. Literature: Jegadeesh-Titman 1993, Moskowitz-Grinblatt 1999, Antonacci dual momentum.",tested,
fe61f73f70,2026-09-30T05:38:54Z,assetclass_momentum,ac_L252s21_k3_abs0,"{""abs"": false, ""exec"": ""next_open"", ""k"": 3, ""lookback"": 252, ""skip"": 21}",ASSETCLASS12,"yahoo chart API (adj close = dividend+split adjusted), fetched 2026-09-30",2008-06-02..2023-12-29,VALIDATION,1.0,2516,81,0.07587346297955011,0.5083573872611511,0.032023505329418105,-0.425432220425619,5.646577663266755,-0.2391870502162411,0.6595951165388584,"economic: herding and slow diffusion of information across sectors/asset classes; losers keep being sold by constrained institutions. Literature: Jegadeesh-Titman 1993, Moskowitz-Grinblatt 1999, Antonacci dual momentum.",tested,
fe61f73f70,2026-09-30T05:38:54Z,assetclass_momentum,ac_L252s21_k3_abs0,"{""abs"": false, ""exec"": ""next_open"", ""k"": 3, ""lookback"": 252, ""skip"": 21}",ASSETCLASS12,"yahoo chart API (adj close = dividend+split adjusted), fetched 2026-09-30",2008-06-02..2023-12-29,DEV+VAL,1.0,3923,133,0.09013152939514946,0.6115122520694405,0.03852165101535197,-0.2583495880508884,6.459067392547931,-0.23918705021623998,0.5400669210348017,"economic: herding and slow diffusion of information across sectors/asset classes; losers keep being sold by constrained institutions. Literature: Jegadeesh-Titman 1993, Moskowitz-Grinblatt 1999, Antonacci dual momentum.",tested,
0696fc1c09,2026-09-30T05:38:54Z,assetclass_momentum,ac_L252s21_k3_abs1,"{""abs"": true, ""exec"": ""next_open"", ""k"": 3, ""lookback"": 252, ""skip"": 21}",ASSETCLASS12,"yahoo chart API (adj close = dividend+split adjusted), fetched 2026-09-30",2008-06-02..2023-12-29,DEVELOPMENT,1.0,1407,52,0.11701283137168028,0.7901171701386036,0.04977270330449654,-0.06478794368878335,7.394532685257062,-0.2218114263534522,0.40528340862244605,"economic: herding and slow diffusion of information across sectors/asset classes; losers keep being sold by constrained institutions. Literature: Jegadeesh-Titman 1993, Moskowitz-Grinblatt 1999, Antonacci dual momentum.",tested,
0696fc1c09,2026-09-30T05:38:54Z,assetclass_momentum,ac_L252s21_k3_abs1,"{""abs"": true, ""exec"": ""next_open"", ""k"": 3, ""lookback"": 252, ""skip"": 21}",ASSETCLASS12,"yahoo chart API (adj close = dividend+split adjusted), fetched 2026-09-30",2008-06-02..2023-12-29,VALIDATION,1.0,2516,78,0.07351324308079743,0.5048279007219443,0.03180116857612069,-0.45358224679995685,6.034538245103479,-0.23918705021623998,0.6595951165388584,"economic: herding and slow diffusion of information across sectors/asset classes; losers keep being sold by constrained institutions. Literature: Jegadeesh-Titman 1993, Moskowitz-Grinblatt 1999, Antonacci dual momentum.",tested,
0696fc1c09,2026-09-30T05:38:54Z,assetclass_momentum,ac_L252s21_k3_abs1,"{""abs"": true, ""exec"": ""next_open"", ""k"": 3, ""lookback"": 252, ""skip"": 21}",ASSETCLASS12,"yahoo chart API (adj close = dividend+split adjusted), fetched 2026-09-30",2008-06-02..2023-12-29,DEV+VAL,1.0,3923,130,0.08891620377078091,0.6149231754402753,0.03873651899107404,-0.2741386827503242,6.828011353970508,-0.23918705021624098,0.5400669210348017,"economic: herding and slow diffusion of information across sectors/asset classes; losers keep being sold by constrained institutions. Literature: Jegadeesh-Titman 1993, Moskowitz-Grinblatt 1999, Antonacci dual momentum.",tested,
6ee5def9a3,2026-09-30T05:38:54Z,turn_of_month,SPY_tom2,"{""days_after"": 2, ""exec"": ""next_open""}",SPY,"yahoo chart API (adj close = dividend+split adjusted), fetched 2026-09-30",1993-03-01..2023-12-29,DEVELOPMENT,1.0,5250,250,0.04649638760267316,0.31803920660221746,0.020034586853279978,-0.3292314796277491,54.27774187257591,-0.16665945936144166,0.4009184266076622,"economic: predictable fund/pension/payroll flows at month turns; overnight premium = intraday liquidity provision compensated at the open. Literature: Lakonishok-Smidt 1988, Ritter-Kelly overnight (2011), Cliff-Cooper-Gulen 2008.",tested,
6ee5def9a3,2026-09-30T05:38:54Z,turn_of_month,SPY_tom2,"{""days_after"": 2, ""exec"": ""next_open""}",SPY,"yahoo chart API (adj close = dividend+split adjusted), fetched 2026-09-30",1993-03-01..2023-12-29,VALIDATION,1.0,2516,120,0.019828072687142928,0.16279959017226545,0.010255410217596413,-0.014048589613527358,36.073102880070884,-0.1057994953631326,0.6595951165388584,"economic: predictable fund/pension/payroll flows at month turns; overnight premium = intraday liquidity provision compensated at the open. Literature: Lakonishok-Smidt 1988, Ritter-Kelly overnight (2011), Cliff-Cooper-Gulen 2008.",tested,
6ee5def9a3,2026-09-30T05:38:54Z,turn_of_month,SPY_tom2,"{""days_after"": 2, ""exec"": ""next_open""}",SPY,"yahoo chart API (adj close = dividend+split adjusted), fetched 2026-09-30",1993-03-01..2023-12-29,DEV+VAL,1.0,7766,370,0.037780985950098156,0.2722625277799946,0.01715092713875429,-0.2531135889343049,51.55298598238406,-0.16665945936144166,0.4787163524100549,"economic: predictable fund/pension/payroll flows at month turns; overnight premium = intraday liquidity provision compensated at the open. Literature: Lakonishok-Smidt 1988, Ritter-Kelly overnight (2011), Cliff-Cooper-Gulen 2008.",tested,
bfb35642ff,2026-09-30T05:38:54Z,turn_of_month,SPY_tom3,"{""days_after"": 3, ""exec"": ""next_open""}",SPY,"yahoo chart API (adj close = dividend+split adjusted), fetched 2026-09-30",1993-03-01..2023-12-29,DEVELOPMENT,1.0,5250,250,0.055787675015896765,0.4045788935107317,0.025486074712739993,-0.3762140869919415,35.250416215344416,-0.2226765706791205,0.4009184266076622,"economic: predictable fund/pension/payroll flows at month turns; overnight premium = intraday liquidity provision compensated at the open. Literature: Lakonishok-Smidt 1988, Ritter-Kelly overnight (2011), Cliff-Cooper-Gulen 2008.",tested,
bfb35642ff,2026-09-30T05:38:54Z,turn_of_month,SPY_tom3,"{""days_after"": 3, ""exec"": ""next_open""}",SPY,"yahoo chart API (adj close = dividend+split adjusted), fetched 2026-09-30",1993-03-01..2023-12-29,VALIDATION,1.0,2516,120,0.027018687400393482,0.24852252378334946,0.01565544745544947,0.17731416388591548,34.63284244575303,-0.11212358052537452,0.6595951165388584,"economic: predictable fund/pension/payroll flows at month turns; overnight premium = intraday liquidity provision compensated at the open. Literature: Lakonishok-Smidt 1988, Ritter-Kelly overnight (2011), Cliff-Cooper-Gulen 2008.",tested,
bfb35642ff,2026-09-30T05:38:54Z,turn_of_month,SPY_tom3,"{""days_after"": 3, ""exec"": ""next_open""}",SPY,"yahoo chart API (adj close = dividend+split adjusted), fetched 2026-09-30",1993-03-01..2023-12-29,DEV+VAL,1.0,7766,370,0.046380027953892844,0.3565691542997975,0.022461745416044798,-0.22373739130677964,35.27545686046613,-0.2226765706791205,0.4787163524100549,"economic: predictable fund/pension/payroll flows at month turns; overnight premium = intraday liquidity provision compensated at the open. Literature: Lakonishok-Smidt 1988, Ritter-Kelly overnight (2011), Cliff-Cooper-Gulen 2008.",tested,
498070b30e,2026-09-30T05:38:55Z,turn_of_month,SPY_tom4,"{""days_after"": 4, ""exec"": ""next_open""}",SPY,"yahoo chart API (adj close = dividend+split adjusted), fetched 2026-09-30",1993-03-01..2023-12-29,DEVELOPMENT,1.0,5250,250,0.05561961815193861,0.3492833959870318,0.022002785782518616,-0.6937289807506937,27.952632216397035,-0.2272500803688804,0.4009184266076622,"economic: predictable fund/pension/payroll flows at month turns; overnight premium = intraday liquidity provision compensated at the open. Literature: Lakonishok-Smidt 1988, Ritter-Kelly overnight (2011), Cliff-Cooper-Gulen 2008.",tested,
498070b30e,2026-09-30T05:38:55Z,turn_of_month,SPY_tom4,"{""days_after"": 4, ""exec"": ""next_open""}",SPY,"yahoo chart API (adj close = dividend+split adjusted), fetched 2026-09-30",1993-03-01..2023-12-29,VALIDATION,1.0,2516,120,0.04518293450048705,0.45181718414009386,0.02846180731667059,0.8815423742539311,36.80683756348707,-0.0971655605256827,0.6595951165388584,"economic: predictable fund/pension/payroll flows at month turns; overnight premium = intraday liquidity provision compensated at the open. Literature: Lakonishok-Smidt 1988, Ritter-Kelly overnight (2011), Cliff-Cooper-Gulen 2008.",tested,
498070b30e,2026-09-30T05:38:55Z,turn_of_month,SPY_tom4,"{""days_after"": 4, ""exec"": ""next_open""}",SPY,"yahoo chart API (adj close = dividend+split adjusted), fetched 2026-09-30",1993-03-01..2023-12-29,DEV+VAL,1.0,7766,370,0.05222701750444614,0.3799074895147665,0.023931922344451205,-0.2820130339730835,30.33622250330984,-0.2272500803688804,0.4787163524100549,"economic: predictable fund/pension/payroll flows at month turns; overnight premium = intraday liquidity provision compensated at the open. Literature: Lakonishok-Smidt 1988, Ritter-Kelly overnight (2011), Cliff-Cooper-Gulen 2008.",tested,
6224ef195f,2026-09-30T05:38:55Z,day_of_week,SPY_mon,"{""dow"": 0, ""exec"": ""next_open""}",SPY,"yahoo chart API (adj close = dividend+split adjusted), fetched 2026-09-30",1993-03-01..2023-12-29,DEVELOPMENT,1.0,5250,989,0.023758512510901886,-0.015308556846488344,-0.0009643484368357941,0.8876189020297349,45.1842742917577,-0.32369861072245987,0.4009184266076622,data-mining (weak: documented weekday effects have decayed),tested,
6224ef195f,2026-09-30T05:38:55Z,day_of_week,SPY_mon,"{""dow"": 0, ""exec"": ""next_open""}",SPY,"yahoo chart API (adj close = dividend+split adjusted), fetched 2026-09-30",1993-03-01..2023-12-29,VALIDATION,1.0,2516,469,0.01199706695235081,0.027035109790893817,0.0017030518374769633,-1.6277281933029624,38.57245734626633,-0.17328847714388163,0.6595951165388584,data-mining (weak: documented weekday effects have decayed),tested,
6224ef195f,2026-09-30T05:38:55Z,day_of_week,SPY_mon,"{""dow"": 0, ""exec"": ""next_open""}",SPY,"yahoo chart API (adj close = dividend+split adjusted), fetched 2026-09-30",1993-03-01..2023-12-29,DEV+VAL,1.0,7766,1458,0.01993319026441287,-0.002811779110044201,-0.0001771254349243684,0.2827184228970378,44.398550533374845,-0.32369861072245987,0.4787163524100549,data-mining (weak: documented weekday effects have decayed),tested,
18ed244f03,2026-09-30T05:38:55Z,day_of_week,SPY_tue,"{""dow"": 1, ""exec"": ""next_open""}",SPY,"yahoo chart API (adj close = dividend+split adjusted), fetched 2026-09-30",1993-03-01..2023-12-29,DEVELOPMENT,1.0,5250,1075,0.025024672587530494,0.0019940894867137987,0.00012561583032983688,0.39356544882110517,36.32504190586008,-0.3102183444393046,0.4009184266076622,data-mining (weak: documented weekday effects have decayed),tested,
18ed244f03,2026-09-30T05:38:55Z,day_of_week,SPY_tue,"{""dow"": 1, ""exec"": ""next_open""}",SPY,"yahoo chart API (adj close = dividend+split adjusted), fetched 2026-09-30",1993-03-01..2023-12-29,VALIDATION,1.0,2516,518,-0.01108213604914432,-0.28165948080463893,-0.017742879538396317,-1.7423500148489692,30.118706147745083,-0.28434134130443334,0.6595951165388584,data-mining (weak: documented weekday effects have decayed),tested,
18ed244f03,2026-09-30T05:38:55Z,day_of_week,SPY_tue,"{""dow"": 1, ""exec"": ""next_open""}",SPY,"yahoo chart API (adj close = dividend+split adjusted), fetched 2026-09-30",1993-03-01..2023-12-29,DEV+VAL,1.0,7766,1593,0.013184834697614223,-0.08101233698768359,-0.005103297542799292,-0.10853705864677156,35.611521475247606,-0.31837289296761573,0.4787163524100549,data-mining (weak: documented weekday effects have decayed),tested,
35827ad1ea,2026-09-30T05:38:55Z,day_of_week,SPY_wed,"{""dow"": 2, ""exec"": ""next_open""}",SPY,"yahoo chart API (adj close = dividend+split adjusted), fetched 2026-09-30",1993-03-01..2023-12-29,DEVELOPMENT,1.0,5250,1077,0.02577604652811738,0.014488135368135736,0.0009126667415506283,-1.3522686554117573,39.96306813173567,-0.3469986141411763,0.4009184266076622,data-mining (weak: documented weekday effects have decayed),tested,
35827ad1ea,2026-09-30T05:38:55Z,day_of_week,SPY_wed,"{""dow"": 2, ""exec"": ""next_open""}",SPY,"yahoo chart API (adj close = dividend+split adjusted), fetched 2026-09-30",1993-03-01..2023-12-29,VALIDATION,1.0,2516,517,0.025231624319345114,0.19494559499486333,0.012280418179617293,0.49688908747378274,29.178942231876935,-0.14619436516381523,0.6595951165388584,data-mining (weak: documented weekday effects have decayed),tested,
35827ad1ea,2026-09-30T05:38:55Z,day_of_week,SPY_wed,"{""dow"": 2, ""exec"": ""next_open""}",SPY,"yahoo chart API (adj close = dividend+split adjusted), fetched 2026-09-30",1993-03-01..2023-12-29,DEV+VAL,1.0,7766,1594,0.02559963498007023,0.06768417100645144,0.0042637020042533055,-0.9078596339253676,38.13028766126009,-0.3469986141411763,0.4787163524100549,data-mining (weak: documented weekday effects have decayed),tested,
b239e0e6c1,2026-09-30T05:38:56Z,day_of_week,SPY_thu,"{""dow"": 3, ""exec"": ""next_open""}",SPY,"yahoo chart API (adj close = dividend+split adjusted), fetched 2026-09-30",1993-03-01..2023-12-29,DEVELOPMENT,1.0,5250,1056,0.010938497572418271,-0.166947152654929,-0.010516682095601873,0.25312195421462846,20.722725548809805,-0.4467606169237842,0.4009184266076622,data-mining (weak: documented weekday effects have decayed),tested,
b239e0e6c1,2026-09-30T05:38:56Z,day_of_week,SPY_thu,"{""dow"": 3, ""exec"": ""next_open""}",SPY,"yahoo chart API (adj close = dividend+split adjusted), fetched 2026-09-30",1993-03-01..2023-12-29,VALIDATION,1.0,2516,509,-0.004419030864651341,-0.15022391181349723,-0.009463216943662183,-4.476693626029138,80.98964702481861,-0.2885136198468775,0.6595951165388584,data-mining (weak: documented weekday effects have decayed),tested,
b239e0e6c1,2026-09-30T05:38:56Z,day_of_week,SPY_thu,"{""dow"": 3, ""exec"": ""next_open""}",SPY,"yahoo chart API (adj close = dividend+split adjusted), fetched 2026-09-30",1993-03-01..2023-12-29,DEV+VAL,1.0,7766,1565,0.005937254802986125,-0.1613069535716072,-0.010161382949902733,-1.4403805617971692,43.119415504126344,-0.4467606169237842,0.4787163524100549,data-mining (weak: documented weekday effects have decayed),tested,
768086ea36,2026-09-30T05:38:56Z,day_of_week,SPY_fri,"{""dow"": 4, ""exec"": ""next_open""}",SPY,"yahoo chart API (adj close = dividend+split adjusted), fetched 2026-09-30",1993-03-01..2023-12-29,DEVELOPMENT,1.0,5250,1052,0.02277582387592969,-0.019084598157114236,-0.001202216680841092,-1.2443495545240952,44.95083816520808,-0.27417333570853974,0.4009184266076622,data-mining (weak: documented weekday effects have decayed),tested,
768086ea36,2026-09-30T05:38:56Z,day_of_week,SPY_fri,"{""dow"": 4, ""exec"": ""next_open""}",SPY,"yahoo chart API (adj close = dividend+split adjusted), fetched 2026-09-30",1993-03-01..2023-12-29,VALIDATION,1.0,2516,503,0.05049865501623785,0.5612119093666331,0.03535302726171028,1.302183727111741,26.096914444086316,-0.1338166263391687,0.6595951165388584,data-mining (weak: documented weekday effects have decayed),tested,
768086ea36,2026-09-30T05:38:56Z,day_of_week,SPY_fri,"{""dow"": 4, ""exec"": ""next_open""}",SPY,"yahoo chart API (adj close = dividend+split adjusted), fetched 2026-09-30",1993-03-01..2023-12-29,DEV+VAL,1.0,7766,1555,0.031676299642126704,0.13768843502252265,0.008673556130458832,-0.794289852269363,44.053248066969296,-0.27417333570853974,0.4787163524100549,data-mining (weak: documented weekday effects have decayed),tested,
9e40ecb1fd,2026-09-30T05:38:57Z,overnight,SPY_overnight,"{""exec"": ""session_overnight""}",SPY,"yahoo chart API (adj close = dividend+split adjusted), fetched 2026-09-30",1993-03-01..2023-12-29,DEVELOPMENT,1.0,5250,5250,0.017929111018416988,-0.04988990945618986,-0.0031427688893478105,-0.7286150701173352,20.926991639926797,-0.5226835977896054,0.4009184266076622,"economic: predictable fund/pension/payroll flows at month turns; overnight premium = intraday liquidity provision compensated at the open. Literature: Lakonishok-Smidt 1988, Ritter-Kelly overnight (2011), Cliff-Cooper-Gulen 2008.",tested,
9e40ecb1fd,2026-09-30T05:38:57Z,overnight,SPY_overnight,"{""exec"": ""session_overnight""}",SPY,"yahoo chart API (adj close = dividend+split adjusted), fetched 2026-09-30",1993-03-01..2023-12-29,VALIDATION,1.0,2516,2516,-0.010365959843702366,-0.14606247447703657,-0.009201071032022804,-2.1373714072761483,38.66287621707012,-0.3163044653398228,0.6595951165388584,"economic: predictable fund/pension/payroll flows at month turns; overnight premium = intraday liquidity provision compensated at the open. Literature: Lakonishok-Smidt 1988, Ritter-Kelly overnight (2011), Cliff-Cooper-Gulen 2008.",tested,
9e40ecb1fd,2026-09-30T05:38:57Z,overnight,SPY_overnight,"{""exec"": ""session_overnight""}",SPY,"yahoo chart API (adj close = dividend+split adjusted), fetched 2026-09-30",1993-03-01..2023-12-29,DEV+VAL,1.0,7766,7766,0.00867468657790016,-0.08300482867411772,-0.0052288127211723495,-1.2823458807711845,28.4855226858339,-0.6075406612168384,0.4787163524100549,"economic: predictable fund/pension/payroll flows at month turns; overnight premium = intraday liquidity provision compensated at the open. Literature: Lakonishok-Smidt 1988, Ritter-Kelly overnight (2011), Cliff-Cooper-Gulen 2008.",tested,
3f35a3624c,2026-09-30T05:38:59Z,intraday,SPY_intraday,"{""exec"": ""session_intraday""}",SPY,"yahoo chart API (adj close = dividend+split adjusted), fetched 2026-09-30",1993-03-01..2023-12-29,DEVELOPMENT,1.0,5250,5250,-0.09222040731119274,-0.6810537062477643,-0.042902350862152876,-6.949276893081429e-05,11.645679317258837,-0.8939599065912922,0.4009184266076622,"economic: predictable fund/pension/payroll flows at month turns; overnight premium = intraday liquidity provision compensated at the open. Literature: Lakonishok-Smidt 1988, Ritter-Kelly overnight (2011), Cliff-Cooper-Gulen 2008.",tested,
3f35a3624c,2026-09-30T05:38:59Z,intraday,SPY_intraday,"{""exec"": ""session_intraday""}",SPY,"yahoo chart API (adj close = dividend+split adjusted), fetched 2026-09-30",1993-03-01..2023-12-29,VALIDATION,1.0,2516,2516,-0.041422387661855464,-0.35899799087535816,-0.022614747738762684,-0.2849475836398683,7.781824050159684,-0.42161229831449476,0.6595951165388584,"economic: predictable fund/pension/payroll flows at month turns; overnight premium = intraday liquidity provision compensated at the open. Literature: Lakonishok-Smidt 1988, Ritter-Kelly overnight (2011), Cliff-Cooper-Gulen 2008.",tested,
3f35a3624c,2026-09-30T05:38:59Z,intraday,SPY_intraday,"{""exec"": ""session_intraday""}",SPY,"yahoo chart API (adj close = dividend+split adjusted), fetched 2026-09-30",1993-03-01..2023-12-29,DEV+VAL,1.0,7766,7766,-0.07606495596323726,-0.5892745135251728,-0.03712080516038511,-0.061207312145021134,11.468283181428879,-0.9242048964724434,0.4787163524100549,"economic: predictable fund/pension/payroll flows at month turns; overnight premium = intraday liquidity provision compensated at the open. Literature: Lakonishok-Smidt 1988, Ritter-Kelly overnight (2011), Cliff-Cooper-Gulen 2008.",tested,
5bfa9f5c69,2026-09-30T05:39:00Z,overnight,QQQ_overnight,"{""exec"": ""session_overnight""}",QQQ,"yahoo chart API (adj close = dividend+split adjusted), fetched 2026-09-30",1999-06-01..2023-12-29,DEVELOPMENT,1.0,3671,3671,0.035851620943149864,0.17247558098814678,0.01086494034585753,0.10615983105272185,11.794318067980834,-0.43840876758945724,0.20785438609652568,"economic: predictable fund/pension/payroll flows at month turns; overnight premium = intraday liquidity provision compensated at the open. Literature: Lakonishok-Smidt 1988, Ritter-Kelly overnight (2011), Cliff-Cooper-Gulen 2008.",tested,
5bfa9f5c69,2026-09-30T05:39:00Z,overnight,QQQ_overnight,"{""exec"": ""session_overnight""}",QQQ,"yahoo chart API (adj close = dividend+split adjusted), fetched 2026-09-30",1999-06-01..2023-12-29,VALIDATION,1.0,2516,2516,0.007167131769996615,0.024668121736523076,0.0015539456053787345,-1.390565449028575,21.65567913829909,-0.34611512719689086,0.6595951165388584,"economic: predictable fund/pension/payroll flows at month turns; overnight premium = intraday liquidity provision compensated at the open. Literature: Lakonishok-Smidt 1988, Ritter-Kelly overnight (2011), Cliff-Cooper-Gulen 2008.",tested,
5bfa9f5c69,2026-09-30T05:39:00Z,overnight,QQQ_overnight,"{""exec"": ""session_overnight""}",QQQ,"yahoo chart API (adj close = dividend+split adjusted), fetched 2026-09-30",1999-06-01..2023-12-29,DEV+VAL,1.0,6187,6187,0.0240895464732771,0.1169938484754106,0.007369919714054991,-0.3589972550633785,14.845054374663208,-0.43840876758945724,0.3717853502576128,"economic: predictable fund/pension/payroll flows at month turns; overnight premium = intraday liquidity provision compensated at the open. Literature: Lakonishok-Smidt 1988, Ritter-Kelly overnight (2011), Cliff-Cooper-Gulen 2008.",tested,
21b5696262,2026-09-30T05:39:02Z,intraday,QQQ_intraday,"{""exec"": ""session_intraday""}",QQQ,"yahoo chart API (adj close = dividend+split adjusted), fetched 2026-09-30",1999-06-01..2023-12-29,DEVELOPMENT,1.0,3671,3671,-0.16608337331796208,-0.6100953707029146,-0.038432395878849376,0.45543853821108793,12.77648559674197,-0.9471189530983619,0.20785438609652568,"economic: predictable fund/pension/payroll flows at month turns; overnight premium = intraday liquidity provision compensated at the open. Literature: Lakonishok-Smidt 1988, Ritter-Kelly overnight (2011), Cliff-Cooper-Gulen 2008.",tested,
21b5696262,2026-09-30T05:39:02Z,intraday,QQQ_intraday,"{""exec"": ""session_intraday""}",QQQ,"yahoo chart API (adj close = dividend+split adjusted), fetched 2026-09-30",1999-06-01..2023-12-29,VALIDATION,1.0,2516,2516,-0.02980370816390354,-0.1702201392987244,-0.010722860874266603,-0.23902848628261136,6.20352019292911,-0.43896574465756466,0.6595951165388584,"economic: predictable fund/pension/payroll flows at month turns; overnight premium = intraday liquidity provision compensated at the open. Literature: Lakonishok-Smidt 1988, Ritter-Kelly overnight (2011), Cliff-Cooper-Gulen 2008.",tested,
21b5696262,2026-09-30T05:39:02Z,intraday,QQQ_intraday,"{""exec"": ""session_intraday""}",QQQ,"yahoo chart API (adj close = dividend+split adjusted), fetched 2026-09-30",1999-06-01..2023-12-29,DEV+VAL,1.0,6187,6187,-0.11313978107562639,-0.46753611113245225,-0.0294520066428268,0.3593397337929326,14.101901216016593,-0.9629991352083385,0.3717853502576128,"economic: predictable fund/pension/payroll flows at month turns; overnight premium = intraday liquidity provision compensated at the open. Literature: Lakonishok-Smidt 1988, Ritter-Kelly overnight (2011), Cliff-Cooper-Gulen 2008.",tested,
c4477e7a47,2026-09-30T05:39:02Z,rsi2,SPY_rsi2_e5,"{""entry"": 5, ""exec"": ""next_open"", ""exit_sma"": 5, ""trend_sma"": 200}",SPY,"yahoo chart API (adj close = dividend+split adjusted), fetched 2026-09-30",1994-04-15..2023-12-29,DEVELOPMENT,1.0,4964,68,0.05513802699051196,0.5003381962090426,0.03151834377608969,3.7266344814454513,218.0216510504231,-0.15580535187855826,0.4136734205776378,economic: short-horizon reversal = compensation for liquidity provision to forced/impatient sellers (Nagel 2012); counterparty = sellers who must trade now. Connors RSI2 / IBS are practitioner formulations.,tested,
c4477e7a47,2026-09-30T05:39:02Z,rsi2,SPY_rsi2_e5,"{""entry"": 5, ""exec"": ""next_open"", ""exit_sma"": 5, ""trend_sma"": 200}",SPY,"yahoo chart API (adj close = dividend+split adjusted), fetched 2026-09-30",1994-04-15..2023-12-29,VALIDATION,1.0,2516,44,0.026612780481557907,0.29263883579168576,0.01843451389200638,-1.4980919380155255,70.73532221334841,-0.08685267469571512,0.6595951165388584,economic: short-horizon reversal = compensation for liquidity provision to forced/impatient sellers (Nagel 2012); counterparty = sellers who must trade now. Connors RSI2 / IBS are practitioner formulations.,tested,
c4477e7a47,2026-09-30T05:39:02Z,rsi2,SPY_rsi2_e5,"{""entry"": 5, ""exec"": ""next_open"", ""exit_sma"": 5, ""trend_sma"": 200}",SPY,"yahoo chart API (adj close = dividend+split adjusted), fetched 2026-09-30",1994-04-15..2023-12-29,DEV+VAL,1.0,7480,112,0.04545578589329269,0.43290669819885086,0.027270558674482206,2.167044165586072,176.25078681723713,-0.15580535187855826,0.4891488999362389,economic: short-horizon reversal = compensation for liquidity provision to forced/impatient sellers (Nagel 2012); counterparty = sellers who must trade now. Connors RSI2 / IBS are practitioner formulations.,tested,
6fd495cf63,2026-09-30T05:39:02Z,rsi2,SPY_rsi2_e10,"{""entry"": 10, ""exec"": ""next_open"", ""exit_sma"": 5, ""trend_sma"": 200}",SPY,"yahoo chart API (adj close = dividend+split adjusted), fetched 2026-09-30",1994-04-15..2023-12-29,DEVELOPMENT,1.0,4964,149,0.07913225325456219,0.7363928681074955,0.04638839038700048,1.9208231296251883,93.9599447376019,-0.1493291990093304,0.4136734205776378,economic: short-horizon reversal = compensation for liquidity provision to forced/impatient sellers (Nagel 2012); counterparty = sellers who must trade now. Connors RSI2 / IBS are practitioner formulations.,tested,
6fd495cf63,2026-09-30T05:39:02Z,rsi2,SPY_rsi2_e10,"{""entry"": 10, ""exec"": ""next_open"", ""exit_sma"": 5, ""trend_sma"": 200}",SPY,"yahoo chart API (adj close = dividend+split adjusted), fetched 2026-09-30",1994-04-15..2023-12-29,VALIDATION,1.0,2516,79,0.030757125891542447,0.31316519359421263,0.01972755289361153,-1.059051702097214,36.22925298007314,-0.08992183266263343,0.6595951165388584,economic: short-horizon reversal = compensation for liquidity provision to forced/impatient sellers (Nagel 2012); counterparty = sellers who must trade now. Connors RSI2 / IBS are practitioner formulations.,tested,
6fd495cf63,2026-09-30T05:39:02Z,rsi2,SPY_rsi2_e10,"{""entry"": 10, ""exec"": ""next_open"", ""exit_sma"": 5, ""trend_sma"": 200}",SPY,"yahoo chart API (adj close = dividend+split adjusted), fetched 2026-09-30",1994-04-15..2023-12-29,DEV+VAL,1.0,7480,228,0.06261238167164351,0.6016562419359902,0.03790078073600811,1.0947368711537053,79.40679689469032,-0.1493291990093304,0.4891488999362389,economic: short-horizon reversal = compensation for liquidity provision to forced/impatient sellers (Nagel 2012); counterparty = sellers who must trade now. Connors RSI2 / IBS are practitioner formulations.,tested,
5ed86785a1,2026-09-30T05:39:02Z,rsi2,SPY_rsi2_e15,"{""entry"": 15, ""exec"": ""next_open"", ""exit_sma"": 5, ""trend_sma"": 200}",SPY,"yahoo chart API (adj close = dividend+split adjusted), fetched 2026-09-30",1994-04-15..2023-12-29,DEVELOPMENT,1.0,4964,221,0.0813026229047884,0.6941806110017352,0.04372926813508237,-0.26265771348164596,45.63595755368992,-0.14572127023707981,0.4136734205776378,economic: short-horizon reversal = compensation for liquidity provision to forced/impatient sellers (Nagel 2012); counterparty = sellers who must trade now. Connors RSI2 / IBS are practitioner formulations.,tested,
5ed86785a1,2026-09-30T05:39:02Z,rsi2,SPY_rsi2_e15,"{""entry"": 15, ""exec"": ""next_open"", ""exit_sma"": 5, ""trend_sma"": 200}",SPY,"yahoo chart API (adj close = dividend+split adjusted), fetched 2026-09-30",1994-04-15..2023-12-29,VALIDATION,1.0,2516,117,0.04862779404645434,0.539492071903108,0.033984806108252386,-0.9178239424489445,27.37685271160173,-0.08327398942538422,0.6595951165388584,economic: short-horizon reversal = compensation for liquidity provision to forced/impatient sellers (Nagel 2012); counterparty = sellers who must trade now. Connors RSI2 / IBS are practitioner formulations.,tested,
5ed86785a1,2026-09-30T05:39:02Z,rsi2,SPY_rsi2_e15,"{""entry"": 15, ""exec"": ""next_open"", ""exit_sma"": 5, ""trend_sma"": 200}",SPY,"yahoo chart API (adj close = dividend+split adjusted), fetched 2026-09-30",1994-04-15..2023-12-29,DEV+VAL,1.0,7480,338,0.07019991219051192,0.6448844329412344,0.040623900808081335,-0.4387951158953817,41.37459693740288,-0.14572127023707981,0.4891488999362389,economic: short-horizon reversal = compensation for liquidity provision to forced/impatient sellers (Nagel 2012); counterparty = sellers who must trade now. Connors RSI2 / IBS are practitioner formulations.,tested,
e8dab0d601,2026-09-30T05:39:03Z,ibs,SPY_ibs0.1,"{""exec"": ""next_open"", ""thr"": 0.1}",SPY,"yahoo chart API (adj close = dividend+split adjusted), fetched 2026-09-30",1994-04-15..2023-12-29,DEVELOPMENT,1.0,4964,504,0.09446089194152396,0.8029855717805079,0.05058333641200544,2.64286296074712,80.87444331071714,-0.19735810177016266,0.4136734205776378,economic: short-horizon reversal = compensation for liquidity provision to forced/impatient sellers (Nagel 2012); counterparty = sellers who must trade now. Connors RSI2 / IBS are practitioner formulations.,tested,
e8dab0d601,2026-09-30T05:39:03Z,ibs,SPY_ibs0.1,"{""exec"": ""next_open"", ""thr"": 0.1}",SPY,"yahoo chart API (adj close = dividend+split adjusted), fetched 2026-09-30",1994-04-15..2023-12-29,VALIDATION,1.0,2516,224,0.040917585765038345,0.3909620441363555,0.024628293829767972,-3.0470940181968533,110.6031298140729,-0.14208139439406242,0.6595951165388584,economic: short-horizon reversal = compensation for liquidity provision to forced/impatient sellers (Nagel 2012); counterparty = sellers who must trade now. Connors RSI2 / IBS are practitioner formulations.,tested,
e8dab0d601,2026-09-30T05:39:03Z,ibs,SPY_ibs0.1,"{""exec"": ""next_open"", ""thr"": 0.1}",SPY,"yahoo chart API (adj close = dividend+split adjusted), fetched 2026-09-30",1994-04-15..2023-12-29,DEV+VAL,1.0,7480,728,0.07615031020604168,0.6680745600005942,0.04208474150024932,0.8865661074379929,90.07027781101057,-0.2077349796541812,0.4891488999362389,economic: short-horizon reversal = compensation for liquidity provision to forced/impatient sellers (Nagel 2012); counterparty = sellers who must trade now. Connors RSI2 / IBS are practitioner formulations.,tested,
29275c9ccb,2026-09-30T05:39:03Z,ibs,SPY_ibs0.2,"{""exec"": ""next_open"", ""thr"": 0.2}",SPY,"yahoo chart API (adj close = dividend+split adjusted), fetched 2026-09-30",1994-04-15..2023-12-29,DEVELOPMENT,1.0,4964,821,0.11097204899489688,0.7920304759496632,0.049893230241593645,0.5107349949624099,34.803270466182475,-0.22074979253851212,0.4136734205776378,economic: short-horizon reversal = compensation for liquidity provision to forced/impatient sellers (Nagel 2012); counterparty = sellers who must trade now. Connors RSI2 / IBS are practitioner formulations.,tested,
29275c9ccb,2026-09-30T05:39:03Z,ibs,SPY_ibs0.2,"{""exec"": ""next_open"", ""thr"": 0.2}",SPY,"yahoo chart API (adj close = dividend+split adjusted), fetched 2026-09-30",1994-04-15..2023-12-29,VALIDATION,1.0,2516,361,0.03519578870519213,0.2785381465719811,0.017546253963674287,-2.4639640918012335,59.927302865854685,-0.22035117792519354,0.6595951165388584,economic: short-horizon reversal = compensation for liquidity provision to forced/impatient sellers (Nagel 2012); counterparty = sellers who must trade now. Connors RSI2 / IBS are practitioner formulations.,tested,
29275c9ccb,2026-09-30T05:39:03Z,ibs,SPY_ibs0.2,"{""exec"": ""next_open"", ""thr"": 0.2}",SPY,"yahoo chart API (adj close = dividend+split adjusted), fetched 2026-09-30",1994-04-15..2023-12-29,DEV+VAL,1.0,7480,1182,0.08488394530973675,0.6288063334184372,0.039611075739227335,-0.3160085611927079,41.72729694384066,-0.22074979253851212,0.4891488999362389,economic: short-horizon reversal = compensation for liquidity provision to forced/impatient sellers (Nagel 2012); counterparty = sellers who must trade now. Connors RSI2 / IBS are practitioner formulations.,tested,
68d320fd23,2026-09-30T05:39:03Z,ibs,SPY_ibs0.3,"{""exec"": ""next_open"", ""thr"": 0.3}",SPY,"yahoo chart API (adj close = dividend+split adjusted), fetched 2026-09-30",1994-04-15..2023-12-29,DEVELOPMENT,1.0,4964,1025,0.10737284209083175,0.6891135954383641,0.04341007615722585,0.36043196164646707,23.893405732755138,-0.23653296333861917,0.4136734205776378,economic: short-horizon reversal = compensation for liquidity provision to forced/impatient sellers (Nagel 2012); counterparty = sellers who must trade now. Connors RSI2 / IBS are practitioner formulations.,tested,
68d320fd23,2026-09-30T05:39:03Z,ibs,SPY_ibs0.3,"{""exec"": ""next_open"", ""thr"": 0.3}",SPY,"yahoo chart API (adj close = dividend+split adjusted), fetched 2026-09-30",1994-04-15..2023-12-29,VALIDATION,1.0,2516,480,0.03375392590574977,0.24727612730338858,0.015576931857331307,-2.392447232812708,44.81278178857774,-0.2695412385185808,0.6595951165388584,economic: short-horizon reversal = compensation for liquidity provision to forced/impatient sellers (Nagel 2012); counterparty = sellers who must trade now. Connors RSI2 / IBS are practitioner formulations.,tested,
68d320fd23,2026-09-30T05:39:03Z,ibs,SPY_ibs0.3,"{""exec"": ""next_open"", ""thr"": 0.3}",SPY,"yahoo chart API (adj close = dividend+split adjusted), fetched 2026-09-30",1994-04-15..2023-12-29,DEV+VAL,1.0,7480,1505,0.08204278647008612,0.5493840574874919,0.034607942627988476,-0.39103785957904197,29.531751424070723,-0.2695412385185809,0.4891488999362389,economic: short-horizon reversal = compensation for liquidity provision to forced/impatient sellers (Nagel 2012); counterparty = sellers who must trade now. Connors RSI2 / IBS are practitioner formulations.,tested,
3ee1923f38,2026-09-30T05:39:03Z,ibs,SPY_ibs0.2_trend200,"{""exec"": ""next_open"", ""thr"": 0.2, ""trend_sma"": 200}",SPY,"yahoo chart API (adj close = dividend+split adjusted), fetched 2026-09-30",1994-04-15..2023-12-29,DEVELOPMENT,1.0,4964,518,0.055260451259749876,0.4810250656267265,0.0303017309056391,-0.8764932276217486,63.13283628437887,-0.10288359738880692,0.4136734205776378,economic: short-horizon reversal = compensation for liquidity provision to forced/impatient sellers (Nagel 2012); counterparty = sellers who must trade now. Connors RSI2 / IBS are practitioner formulations.,tested,
3ee1923f38,2026-09-30T05:39:03Z,ibs,SPY_ibs0.2_trend200,"{""exec"": ""next_open"", ""thr"": 0.2, ""trend_sma"": 200}",SPY,"yahoo chart API (adj close = dividend+split adjusted), fetched 2026-09-30",1994-04-15..2023-12-29,VALIDATION,1.0,2516,275,0.005191120440653618,-0.0943239391270723,-0.005941849657386385,-2.6141889961207494,36.0354936544493,-0.1628913173588059,0.6595951165388584,economic: short-horizon reversal = compensation for liquidity provision to forced/impatient sellers (Nagel 2012); counterparty = sellers who must trade now. Connors RSI2 / IBS are practitioner formulations.,tested,
3ee1923f38,2026-09-30T05:39:03Z,ibs,SPY_ibs0.2_trend200,"{""exec"": ""next_open"", ""thr"": 0.2, ""trend_sma"": 200}",SPY,"yahoo chart API (adj close = dividend+split adjusted), fetched 2026-09-30",1994-04-15..2023-12-29,DEV+VAL,1.0,7480,793,0.03814659319614022,0.28043596512573515,0.01766580529526375,-1.5272362148014897,52.87938330666131,-0.16289131735880613,0.4891488999362389,economic: short-horizon reversal = compensation for liquidity provision to forced/impatient sellers (Nagel 2012); counterparty = sellers who must trade now. Connors RSI2 / IBS are practitioner formulations.,tested,
bf7226dbb3,2026-09-30T05:39:04Z,rsi2,QQQ_rsi2_e10,"{""entry"": 10, ""exec"": ""next_open"", ""exit_sma"": 5, ""trend_sma"": 200}",QQQ,"yahoo chart API (adj close = dividend+split adjusted), fetched 2026-09-30",2000-06-01..2023-12-29,DEVELOPMENT,1.0,3417,96,0.04866111153115105,0.43954373606381963,0.027688652760978073,-0.07618336979878022,53.227537879383526,-0.13966324346280612,0.19732458376143658,economic: short-horizon reversal = compensation for liquidity provision to forced/impatient sellers (Nagel 2012); counterparty = sellers who must trade now. Connors RSI2 / IBS are practitioner formulations.,tested,
bf7226dbb3,2026-09-30T05:39:04Z,rsi2,QQQ_rsi2_e10,"{""entry"": 10, ""exec"": ""next_open"", ""exit_sma"": 5, ""trend_sma"": 200}",QQQ,"yahoo chart API (adj close = dividend+split adjusted), fetched 2026-09-30",2000-06-01..2023-12-29,VALIDATION,1.0,2516,81,0.03611155131318666,0.32786177792439875,0.020653350685510607,-0.5062230357320532,36.164309905850054,-0.0849168377785875,0.6595951165388584,economic: short-horizon reversal = compensation for liquidity provision to forced/impatient sellers (Nagel 2012); counterparty = sellers who must trade now. Connors RSI2 / IBS are practitioner formulations.,tested,
bf7226dbb3,2026-09-30T05:39:04Z,rsi2,QQQ_rsi2_e10,"{""entry"": 10, ""exec"": ""next_open"", ""exit_sma"": 5, ""trend_sma"": 200}",QQQ,"yahoo chart API (adj close = dividend+split adjusted), fetched 2026-09-30",2000-06-01..2023-12-29,DEV+VAL,1.0,5933,177,0.04332077882467744,0.3893765066478228,0.0245284143562197,-0.28928515187688625,44.833320443689885,-0.13966324346280612,0.37335586986314373,economic: short-horizon reversal = compensation for liquidity provision to forced/impatient sellers (Nagel 2012); counterparty = sellers who must trade now. Connors RSI2 / IBS are practitioner formulations.,tested,
e677f25f62,2026-09-30T05:39:04Z,ibs,QQQ_ibs0.2,"{""exec"": ""next_open"", ""thr"": 0.2}",QQQ,"yahoo chart API (adj close = dividend+split adjusted), fetched 2026-09-30",2000-06-01..2023-12-29,DEVELOPMENT,1.0,3417,577,0.11556143240033578,0.642330872274596,0.04046304160613748,1.8689710275463411,39.450009276408565,-0.3068508155585632,0.19732458376143658,economic: short-horizon reversal = compensation for liquidity provision to forced/impatient sellers (Nagel 2012); counterparty = sellers who must trade now. Connors RSI2 / IBS are practitioner formulations.,tested,
e677f25f62,2026-09-30T05:39:04Z,ibs,QQQ_ibs0.2,"{""exec"": ""next_open"", ""thr"": 0.2}",QQQ,"yahoo chart API (adj close = dividend+split adjusted), fetched 2026-09-30",2000-06-01..2023-12-29,VALIDATION,1.0,2516,365,0.0957481819675754,0.7601837757074393,0.04788707669590448,-0.4942975381148331,31.760824073448592,-0.17456181766694612,0.6595951165388584,economic: short-horizon reversal = compensation for liquidity provision to forced/impatient sellers (Nagel 2012); counterparty = sellers who must trade now. Connors RSI2 / IBS are practitioner formulations.,tested,
e677f25f62,2026-09-30T05:39:04Z,ibs,QQQ_ibs0.2,"{""exec"": ""next_open"", ""thr"": 0.2}",QQQ,"yahoo chart API (adj close = dividend+split adjusted), fetched 2026-09-30",2000-06-01..2023-12-29,DEV+VAL,1.0,5933,942,0.10711587319957272,0.6718232227216169,0.042320885055222766,1.4714186719726405,42.58600600401305,-0.3068508155585632,0.37335586986314373,economic: short-horizon reversal = compensation for liquidity provision to forced/impatient sellers (Nagel 2012); counterparty = sellers who must trade now. Connors RSI2 / IBS are practitioner formulations.,tested,
aeece0d872,2026-09-30T05:39:04Z,rsi2,IWM_rsi2_e10,"{""entry"": 10, ""exec"": ""next_open"", ""exit_sma"": 5, ""trend_sma"": 200}",IWM,"yahoo chart API (adj close = dividend+split adjusted), fetched 2026-09-30",2001-06-01..2023-12-29,DEVELOPMENT,1.0,3165,99,0.0512637156982807,0.459135397515099,0.028922811426946075,-0.581980493364321,61.407079248200304,-0.20101696089147347,0.26968312371139413,economic: short-horizon reversal = compensation for liquidity provision to forced/impatient sellers (Nagel 2012); counterparty = sellers who must trade now. Connors RSI2 / IBS are practitioner formulations.,tested,
aeece0d872,2026-09-30T05:39:04Z,rsi2,IWM_rsi2_e10,"{""entry"": 10, ""exec"": ""next_open"", ""exit_sma"": 5, ""trend_sma"": 200}",IWM,"yahoo chart API (adj close = dividend+split adjusted), fetched 2026-09-30",2001-06-01..2023-12-29,VALIDATION,1.0,2516,64,0.019111469617421495,0.1268304070085832,0.00798956465775749,-0.7107901479706015,30.019764964951964,-0.16755010195661002,0.6595951165388584,economic: short-horizon reversal = compensation for liquidity provision to forced/impatient sellers (Nagel 2012); counterparty = sellers who must trade now. Connors RSI2 / IBS are practitioner formulations.,tested,
aeece0d872,2026-09-30T05:39:04Z,rsi2,IWM_rsi2_e10,"{""entry"": 10, ""exec"": ""next_open"", ""exit_sma"": 5, ""trend_sma"": 200}",IWM,"yahoo chart API (adj close = dividend+split adjusted), fetched 2026-09-30",2001-06-01..2023-12-29,DEV+VAL,1.0,5681,163,0.036900856538711224,0.32628310001355226,0.020553903324739876,-0.6221723382291634,54.887937033369724,-0.20101696089147347,0.4255903453877449,economic: short-horizon reversal = compensation for liquidity provision to forced/impatient sellers (Nagel 2012); counterparty = sellers who must trade now. Connors RSI2 / IBS are practitioner formulations.,tested,
b212279b2c,2026-09-30T05:39:05Z,ibs,IWM_ibs0.2,"{""exec"": ""next_open"", ""thr"": 0.2}",IWM,"yahoo chart API (adj close = dividend+split adjusted), fetched 2026-09-30",2001-06-01..2023-12-29,DEVELOPMENT,1.0,3165,538,0.12229342284102551,0.7841706762825694,0.049398109401738444,2.008134598178627,29.122975295654935,-0.18428160658231396,0.26968312371139413,economic: short-horizon reversal = compensation for liquidity provision to forced/impatient sellers (Nagel 2012); counterparty = sellers who must trade now. Connors RSI2 / IBS are practitioner formulations.,tested,
b212279b2c,2026-09-30T05:39:05Z,ibs,IWM_ibs0.2,"{""exec"": ""next_open"", ""thr"": 0.2}",IWM,"yahoo chart API (adj close = dividend+split adjusted), fetched 2026-09-30",2001-06-01..2023-12-29,VALIDATION,1.0,2516,393,0.01727172050685266,0.09550888741506743,0.0060164943832555955,-1.087796880629721,28.984460355579028,-0.24447612309541022,0.6595951165388584,economic: short-horizon reversal = compensation for liquidity provision to forced/impatient sellers (Nagel 2012); counterparty = sellers who must trade now. Connors RSI2 / IBS are practitioner formulations.,tested,
b212279b2c,2026-09-30T05:39:05Z,ibs,IWM_ibs0.2,"{""exec"": ""next_open"", ""thr"": 0.2}",IWM,"yahoo chart API (adj close = dividend+split adjusted), fetched 2026-09-30",2001-06-01..2023-12-29,DEV+VAL,1.0,5681,931,0.07450634173526094,0.5219714411839655,0.032881110115494064,1.2872646361757258,31.365775524954408,-0.24447612309541322,0.4255903453877449,economic: short-horizon reversal = compensation for liquidity provision to forced/impatient sellers (Nagel 2012); counterparty = sellers who must trade now. Connors RSI2 / IBS are practitioner formulations.,tested,
d448fdf8f4,2026-09-30T05:39:05Z,vol_target,SPY_vt8_L20,"{""exec"": ""next_open"", ""lookback"": 20, ""target"": 0.08}",SPY,"yahoo chart API (adj close = dividend+split adjusted), fetched 2026-09-30",1993-08-02..2023-12-29,DEVELOPMENT,1.0,5143,0,0.07634637186908533,0.5477992024258435,0.03450810614329315,-0.355090920555009,6.417690451265588,-0.23100506432902224,0.4034066633609433,"economic: risk is more predictable than return, so scaling exposure inversely to recent vol raises Sharpe (Moreira-Muir 2017); counterparty = leveraged/benchmarked investors who cannot de-risk.",tested,
d448fdf8f4,2026-09-30T05:39:05Z,vol_target,SPY_vt8_L20,"{""exec"": ""next_open"", ""lookback"": 20, ""target"": 0.08}",SPY,"yahoo chart API (adj close = dividend+split adjusted), fetched 2026-09-30",1993-08-02..2023-12-29,VALIDATION,1.0,2516,0,0.07315522481729575,0.648615258916666,0.040858920753696855,-0.821923363911306,7.581690612751439,-0.131911081947222,0.6595951165388584,"economic: risk is more predictable than return, so scaling exposure inversely to recent vol raises Sharpe (Moreira-Muir 2017); counterparty = leveraged/benchmarked investors who cannot de-risk.",tested,
d448fdf8f4,2026-09-30T05:39:05Z,vol_target,SPY_vt8_L20,"{""exec"": ""next_open"", ""lookback"": 20, ""target"": 0.08}",SPY,"yahoo chart API (adj close = dividend+split adjusted), fetched 2026-09-30",1993-08-02..2023-12-29,DEV+VAL,1.0,7659,0,0.0752970271221367,0.5821784095303099,0.03667379262591227,-0.5311022175139102,6.902882285537015,-0.23100506432902224,0.48108365850624457,"economic: risk is more predictable than return, so scaling exposure inversely to recent vol raises Sharpe (Moreira-Muir 2017); counterparty = leveraged/benchmarked investors who cannot de-risk.",tested,
6df80a4e4b,2026-09-30T05:39:05Z,vol_target,SPY_vt8_L60,"{""exec"": ""next_open"", ""lookback"": 60, ""target"": 0.08}",SPY,"yahoo chart API (adj close = dividend+split adjusted), fetched 2026-09-30",1993-08-02..2023-12-29,DEVELOPMENT,1.0,5143,0,0.07144208567468913,0.5085705650413661,0.03203693426731081,-0.31915003237109585,6.499603379360686,-0.20620653071147532,0.4034066633609433,"economic: risk is more predictable than return, so scaling exposure inversely to recent vol raises Sharpe (Moreira-Muir 2017); counterparty = leveraged/benchmarked investors who cannot de-risk.",tested,
6df80a4e4b,2026-09-30T05:39:05Z,vol_target,SPY_vt8_L60,"{""exec"": ""next_open"", ""lookback"": 60, ""target"": 0.08}",SPY,"yahoo chart API (adj close = dividend+split adjusted), fetched 2026-09-30",1993-08-02..2023-12-29,VALIDATION,1.0,2516,0,0.06576861666743627,0.5840382273990579,0.03679095013935468,-0.8894768422356676,11.939746093387203,-0.1910217268228359,0.6595951165388584,"economic: risk is more predictable than return, so scaling exposure inversely to recent vol raises Sharpe (Moreira-Muir 2017); counterparty = leveraged/benchmarked investors who cannot de-risk.",tested,
6df80a4e4b,2026-09-30T05:39:05Z,vol_target,SPY_vt8_L60,"{""exec"": ""next_open"", ""lookback"": 60, ""target"": 0.08}",SPY,"yahoo chart API (adj close = dividend+split adjusted), fetched 2026-09-30",1993-08-02..2023-12-29,DEV+VAL,1.0,7659,0,0.06957501413166156,0.5343666751299856,0.03366193645986632,-0.5398020167466943,8.749555810392888,-0.20620653071147532,0.48108365850624457,"economic: risk is more predictable than return, so scaling exposure inversely to recent vol raises Sharpe (Moreira-Muir 2017); counterparty = leveraged/benchmarked investors who cannot de-risk.",tested,
303bb8fa98,2026-09-30T05:39:05Z,vol_target,SPY_vt10_L20,"{""exec"": ""next_open"", ""lookback"": 20, ""target"": 0.1}",SPY,"yahoo chart API (adj close = dividend+split adjusted), fetched 2026-09-30",1993-08-02..2023-12-29,DEVELOPMENT,1.0,5143,0,0.08271777191118845,0.5285415532119944,0.03329498827054164,-0.3279505514525017,6.475805922904149,-0.29229612626198453,0.4034066633609433,"economic: risk is more predictable than return, so scaling exposure inversely to recent vol raises Sharpe (Moreira-Muir 2017); counterparty = leveraged/benchmarked investors who cannot de-risk.",tested,
303bb8fa98,2026-09-30T05:39:05Z,vol_target,SPY_vt10_L20,"{""exec"": ""next_open"", ""lookback"": 20, ""target"": 0.1}",SPY,"yahoo chart API (adj close = dividend+split adjusted), fetched 2026-09-30",1993-08-02..2023-12-29,VALIDATION,1.0,2516,0,0.08549144420685573,0.6791983528278889,0.042785474582554696,-0.7478488333401906,7.202473625263248,-0.1629409552156188,0.6595951165388584,"economic: risk is more predictable than return, so scaling exposure inversely to recent vol raises Sharpe (Moreira-Muir 2017); counterparty = leveraged/benchmarked investors who cannot de-risk.",tested,
303bb8fa98,2026-09-30T05:39:05Z,vol_target,SPY_vt10_L20,"{""exec"": ""next_open"", ""lookback"": 20, ""target"": 0.1}",SPY,"yahoo chart API (adj close = dividend+split adjusted), fetched 2026-09-30",1993-08-02..2023-12-29,DEV+VAL,1.0,7659,0,0.08362814737991786,0.579010307720683,0.03647422097075974,-0.4744246919245723,6.738874844878808,-0.29229612626198453,0.48108365850624457,"economic: risk is more predictable than return, so scaling exposure inversely to recent vol raises Sharpe (Moreira-Muir 2017); counterparty = leveraged/benchmarked investors who cannot de-risk.",tested,
84087676fc,2026-09-30T05:39:06Z,vol_target,SPY_vt10_L60,"{""exec"": ""next_open"", ""lookback"": 60, ""target"": 0.1}",SPY,"yahoo chart API (adj close = dividend+split adjusted), fetched 2026-09-30",1993-08-02..2023-12-29,DEVELOPMENT,1.0,5143,0,0.0798752646629497,0.508414938268288,0.032027130702098706,-0.2942200860708758,6.475029528876459,-0.2636047554347859,0.4034066633609433,"economic: risk is more predictable than return, so scaling exposure inversely to recent vol raises Sharpe (Moreira-Muir 2017); counterparty = leveraged/benchmarked investors who cannot de-risk.",tested,
84087676fc,2026-09-30T05:39:06Z,vol_target,SPY_vt10_L60,"{""exec"": ""next_open"", ""lookback"": 60, ""target"": 0.1}",SPY,"yahoo chart API (adj close = dividend+split adjusted), fetched 2026-09-30",1993-08-02..2023-12-29,VALIDATION,1.0,2516,0,0.0760481860720259,0.5919721910249872,0.037290742869479476,-0.7784232728505575,11.444573314299276,-0.2256421012167541,0.6595951165388584,"economic: risk is more predictable than return, so scaling exposure inversely to recent vol raises Sharpe (Moreira-Muir 2017); counterparty = leveraged/benchmarked investors who cannot de-risk.",tested,
84087676fc,2026-09-30T05:39:06Z,vol_target,SPY_vt10_L60,"{""exec"": ""next_open"", ""lookback"": 60, ""target"": 0.1}",SPY,"yahoo chart API (adj close = dividend+split adjusted), fetched 2026-09-30",1993-08-02..2023-12-29,DEV+VAL,1.0,7659,0,0.07861656120072547,0.5367820428612206,0.03381409032514294,-0.4732536757221266,8.400875205208688,-0.2636047554347859,0.48108365850624457,"economic: risk is more predictable than return, so scaling exposure inversely to recent vol raises Sharpe (Moreira-Muir 2017); counterparty = leveraged/benchmarked investors who cannot de-risk.",tested,
e6be8c0e1a,2026-09-30T05:39:06Z,vol_target,SPY_vt12_L20,"{""exec"": ""next_open"", ""lookback"": 20, ""target"": 0.12}",SPY,"yahoo chart API (adj close = dividend+split adjusted), fetched 2026-09-30",1993-08-02..2023-12-29,DEVELOPMENT,1.0,5143,0,0.08653054551888295,0.5057788708436886,0.031861074062939455,-0.32424266118631745,6.893196580628786,-0.34427512634252133,0.4034066633609433,"economic: risk is more predictable than return, so scaling exposure inversely to recent vol raises Sharpe (Moreira-Muir 2017); counterparty = leveraged/benchmarked investors who cannot de-risk.",tested,
e6be8c0e1a,2026-09-30T05:39:06Z,vol_target,SPY_vt12_L20,"{""exec"": ""next_open"", ""lookback"": 20, ""target"": 0.12}",SPY,"yahoo chart API (adj close = dividend+split adjusted), fetched 2026-09-30",1993-08-02..2023-12-29,VALIDATION,1.0,2516,0,0.09418478385535467,0.6932875002724569,0.04367300744739394,-0.6782580837817774,7.350574272044816,-0.1931138458670737,0.6595951165388584,"economic: risk is more predictable than return, so scaling exposure inversely to recent vol raises Sharpe (Moreira-Muir 2017); counterparty = leveraged/benchmarked investors who cannot de-risk.",tested,
e6be8c0e1a,2026-09-30T05:39:06Z,vol_target,SPY_vt12_L20,"{""exec"": ""next_open"", ""lookback"": 20, ""target"": 0.12}",SPY,"yahoo chart API (adj close = dividend+split adjusted), fetched 2026-09-30",1993-08-02..2023-12-29,DEV+VAL,1.0,7659,0,0.08903905730050643,0.5670977690658267,0.035723801571612264,-0.4388429413982452,7.039711921858261,-0.34427512634252133,0.48108365850624457,"economic: risk is more predictable than return, so scaling exposure inversely to recent vol raises Sharpe (Moreira-Muir 2017); counterparty = leveraged/benchmarked investors who cannot de-risk.",tested,
895a09743d,2026-09-30T05:39:06Z,vol_target,SPY_vt12_L60,"{""exec"": ""next_open"", ""lookback"": 60, ""target"": 0.12}",SPY,"yahoo chart API (adj close = dividend+split adjusted), fetched 2026-09-30",1993-08-02..2023-12-29,DEVELOPMENT,1.0,5143,0,0.0852953463917212,0.49773635760976714,0.03135444335025132,-0.28525152430879774,6.867707553039428,-0.31759610108191527,0.4034066633609433,"economic: risk is more predictable than return, so scaling exposure inversely to recent vol raises Sharpe (Moreira-Muir 2017); counterparty = leveraged/benchmarked investors who cannot de-risk.",tested,
895a09743d,2026-09-30T05:39:06Z,vol_target,SPY_vt12_L60,"{""exec"": ""next_open"", ""lookback"": 60, ""target"": 0.12}",SPY,"yahoo chart API (adj close = dividend+split adjusted), fetched 2026-09-30",1993-08-02..2023-12-29,VALIDATION,1.0,2516,0,0.0868209886497584,0.6166016574160957,0.03884225341698178,-0.7117282806870158,11.830613960921427,-0.25212818306016305,0.6595951165388584,"economic: risk is more predictable than return, so scaling exposure inversely to recent vol raises Sharpe (Moreira-Muir 2017); counterparty = leveraged/benchmarked investors who cannot de-risk.",tested,
895a09743d,2026-09-30T05:39:06Z,vol_target,SPY_vt12_L60,"{""exec"": ""next_open"", ""lookback"": 60, ""target"": 0.12}",SPY,"yahoo chart API (adj close = dividend+split adjusted), fetched 2026-09-30",1993-08-02..2023-12-29,DEV+VAL,1.0,7659,0,0.08579628720048649,0.5377492349526284,0.033875017699997546,-0.43663677858851946,8.68286597979964,-0.31759610108191527,0.48108365850624457,"economic: risk is more predictable than return, so scaling exposure inversely to recent vol raises Sharpe (Moreira-Muir 2017); counterparty = leveraged/benchmarked investors who cannot de-risk.",tested,
bab7971216,2026-09-30T05:39:06Z,vol_target,SPY_vt15_L20,"{""exec"": ""next_open"", ""lookback"": 20, ""target"": 0.15}",SPY,"yahoo chart API (adj close = dividend+split adjusted), fetched 2026-09-30",1993-08-02..2023-12-29,DEVELOPMENT,1.0,5143,0,0.08935850325146366,0.4736511815431332,0.029837219870358023,-0.3538809236011104,7.48222300671978,-0.40950823198534325,0.4034066633609433,"economic: risk is more predictable than return, so scaling exposure inversely to recent vol raises Sharpe (Moreira-Muir 2017); counterparty = leveraged/benchmarked investors who cannot de-risk.",tested,
bab7971216,2026-09-30T05:39:06Z,vol_target,SPY_vt15_L20,"{""exec"": ""next_open"", ""lookback"": 20, ""target"": 0.15}",SPY,"yahoo chart API (adj close = dividend+split adjusted), fetched 2026-09-30",1993-08-02..2023-12-29,VALIDATION,1.0,2516,0,0.10586956504036737,0.7212749869967497,0.04543605339249395,-0.6046408048161298,7.3672935832220166,-0.21887765362103295,0.6595951165388584,"economic: risk is more predictable than return, so scaling exposure inversely to recent vol raises Sharpe (Moreira-Muir 2017); counterparty = leveraged/benchmarked investors who cannot de-risk.",tested,
bab7971216,2026-09-30T05:39:06Z,vol_target,SPY_vt15_L20,"{""exec"": ""next_open"", ""lookback"": 20, ""target"": 0.15}",SPY,"yahoo chart API (adj close = dividend+split adjusted), fetched 2026-09-30",1993-08-02..2023-12-29,DEV+VAL,1.0,7659,0,0.09475505621641567,0.551679210390404,0.034752523670892606,-0.42783303467711487,7.470486094197306,-0.40950823198534325,0.48108365850624457,"economic: risk is more predictable than return, so scaling exposure inversely to recent vol raises Sharpe (Moreira-Muir 2017); counterparty = leveraged/benchmarked investors who cannot de-risk.",tested,
84cbad7a1e,2026-09-30T05:39:06Z,vol_target,SPY_vt15_L60,"{""exec"": ""next_open"", ""lookback"": 60, ""target"": 0.15}",SPY,"yahoo chart API (adj close = dividend+split adjusted), fetched 2026-09-30",1993-08-02..2023-12-29,DEVELOPMENT,1.0,5143,0,0.08896777431950365,0.4717583323088083,0.029717981576468436,-0.2731112491578222,7.700107979487221,-0.3905907400260339,0.4034066633609433,"economic: risk is more predictable than return, so scaling exposure inversely to recent vol raises Sharpe (Moreira-Muir 2017); counterparty = leveraged/benchmarked investors who cannot de-risk.",tested,
84cbad7a1e,2026-09-30T05:39:06Z,vol_target,SPY_vt15_L60,"{""exec"": ""next_open"", ""lookback"": 60, ""target"": 0.15}",SPY,"yahoo chart API (adj close = dividend+split adjusted), fetched 2026-09-30",1993-08-02..2023-12-29,VALIDATION,1.0,2516,0,0.0924706088786531,0.5959309446867698,0.03754012090973764,-0.6848796154640248,14.211624918798305,-0.2908593309285453,0.6595951165388584,"economic: risk is more predictable than return, so scaling exposure inversely to recent vol raises Sharpe (Moreira-Muir 2017); counterparty = leveraged/benchmarked investors who cannot de-risk.",tested,
84cbad7a1e,2026-09-30T05:39:06Z,vol_target,SPY_vt15_L60,"{""exec"": ""next_open"", ""lookback"": 60, ""target"": 0.15}",SPY,"yahoo chart API (adj close = dividend+split adjusted), fetched 2026-09-30",1993-08-02..2023-12-29,DEV+VAL,1.0,7659,0,0.0901172234242622,0.5130454700778422,0.032318826787957146,-0.41318617350995535,9.942802725843164,-0.3905907400260339,0.48108365850624457,"economic: risk is more predictable than return, so scaling exposure inversely to recent vol raises Sharpe (Moreira-Muir 2017); counterparty = leveraged/benchmarked investors who cannot de-risk.",tested,
7c2ff1e139,2026-09-30T05:39:07Z,trend_x_voltarget,SPY_sma200_vt10,"{""exec"": ""next_open"", ""lookback"": 20, ""n"": 200, ""target"": 0.1}",SPY,"yahoo chart API (adj close = dividend+split adjusted), fetched 2026-09-30",1993-08-02..2023-12-29,DEVELOPMENT,1.0,5143,76,0.07211372636043367,0.5158919170842203,0.032498136095076215,-0.3592421922422991,8.594479435898423,-0.14543312570132538,0.4034066633609433,"economic: risk is more predictable than return, so scaling exposure inversely to recent vol raises Sharpe (Moreira-Muir 2017); counterparty = leveraged/benchmarked investors who cannot de-risk. + economic: slow-moving institutional/behavioural under-reaction and forced de-risking create multi-month autocorrelation; counterparty = late/price-insensitive holders. Literature: Moskowitz-Ooi-Pedersen 2012, Faber 2007.",tested,
7c2ff1e139,2026-09-30T05:39:07Z,trend_x_voltarget,SPY_sma200_vt10,"{""exec"": ""next_open"", ""lookback"": 20, ""n"": 200, ""target"": 0.1}",SPY,"yahoo chart API (adj close = dividend+split adjusted), fetched 2026-09-30",1993-08-02..2023-12-29,VALIDATION,1.0,2516,29,0.06192560729470764,0.5420746386396881,0.03414749252085283,-1.066528755124324,8.594745912171868,-0.14384531462031291,0.6595951165388584,"economic: risk is more predictable than return, so scaling exposure inversely to recent vol raises Sharpe (Moreira-Muir 2017); counterparty = leveraged/benchmarked investors who cannot de-risk. + economic: slow-moving institutional/behavioural under-reaction and forced de-risking create multi-month autocorrelation; counterparty = late/price-insensitive holders. Literature: Moskowitz-Ooi-Pedersen 2012, Faber 2007.",tested,
7c2ff1e139,2026-09-30T05:39:07Z,trend_x_voltarget,SPY_sma200_vt10,"{""exec"": ""next_open"", ""lookback"": 20, ""n"": 200, ""target"": 0.1}",SPY,"yahoo chart API (adj close = dividend+split adjusted), fetched 2026-09-30",1993-08-02..2023-12-29,DEV+VAL,1.0,7659,105,0.06875616948666097,0.5245695791819703,0.03304477742536425,-0.6383092249320605,8.665447506501934,-0.14543312570132538,0.48108365850624457,"economic: risk is more predictable than return, so scaling exposure inversely to recent vol raises Sharpe (Moreira-Muir 2017); counterparty = leveraged/benchmarked investors who cannot de-risk. + economic: slow-moving institutional/behavioural under-reaction and forced de-risking create multi-month autocorrelation; counterparty = late/price-insensitive holders. Literature: Moskowitz-Ooi-Pedersen 2012, Faber 2007.",tested,
e5deaccccb,2026-09-30T05:39:07Z,trend_x_voltarget,SPY_sma200_vt15,"{""exec"": ""next_open"", ""lookback"": 20, ""n"": 200, ""target"": 0.15}",SPY,"yahoo chart API (adj close = dividend+split adjusted), fetched 2026-09-30",1993-08-02..2023-12-29,DEVELOPMENT,1.0,5143,76,0.08031409547411661,0.5023083671658765,0.03164245288066265,-0.38647468237507,9.560409130962295,-0.20129184780921883,0.4034066633609433,"economic: risk is more predictable than return, so scaling exposure inversely to recent vol raises Sharpe (Moreira-Muir 2017); counterparty = leveraged/benchmarked investors who cannot de-risk. + economic: slow-moving institutional/behavioural under-reaction and forced de-risking create multi-month autocorrelation; counterparty = late/price-insensitive holders. Literature: Moskowitz-Ooi-Pedersen 2012, Faber 2007.",tested,
e5deaccccb,2026-09-30T05:39:07Z,trend_x_voltarget,SPY_sma200_vt15,"{""exec"": ""next_open"", ""lookback"": 20, ""n"": 200, ""target"": 0.15}",SPY,"yahoo chart API (adj close = dividend+split adjusted), fetched 2026-09-30",1993-08-02..2023-12-29,VALIDATION,1.0,2516,29,0.07662469134345207,0.6161588099338154,0.03881435664777119,-0.9468454119066937,7.595642500270229,-0.17623627215888515,0.6595951165388584,"economic: risk is more predictable than return, so scaling exposure inversely to recent vol raises Sharpe (Moreira-Muir 2017); counterparty = leveraged/benchmarked investors who cannot de-risk. + economic: slow-moving institutional/behavioural under-reaction and forced de-risking create multi-month autocorrelation; counterparty = late/price-insensitive holders. Literature: Moskowitz-Ooi-Pedersen 2012, Faber 2007.",tested,
e5deaccccb,2026-09-30T05:39:07Z,trend_x_voltarget,SPY_sma200_vt15,"{""exec"": ""next_open"", ""lookback"": 20, ""n"": 200, ""target"": 0.15}",SPY,"yahoo chart API (adj close = dividend+split adjusted), fetched 2026-09-30",1993-08-02..2023-12-29,DEV+VAL,1.0,7659,105,0.07910072497323584,0.5396017634158777,0.03399171602405532,-0.5684304585097772,8.926081524580198,-0.20129184780921883,0.48108365850624457,"economic: risk is more predictable than return, so scaling exposure inversely to recent vol raises Sharpe (Moreira-Muir 2017); counterparty = leveraged/benchmarked investors who cannot de-risk. + economic: slow-moving institutional/behavioural under-reaction and forced de-risking create multi-month autocorrelation; counterparty = late/price-insensitive holders. Literature: Moskowitz-Ooi-Pedersen 2012, Faber 2007.",tested,
ab705be180,2026-09-30T05:39:07Z,short_vol_ts,SVXY_cap15_th0.9,"{""cap"": 0.15, ""exec"": ""next_open"", ""threshold"": 0.9}",SVXY,"yahoo chart API (adj close = dividend+split adjusted), fetched 2026-09-30",2011-11-01..2023-12-29,DEVELOPMENT,1.0,544,35,0.09767865587682945,1.5107446658987593,0.0951679685829876,-0.40612929376549545,7.158380402084054,-0.04459202306204224,1.5679328336017864,economic: variance risk premium - hedgers overpay for insurance (VIX futures roll down in contango); counterparty = hedgers. TAIL RISK: Feb-2018 one-day -83% in SVXY => weight capped so a repeat cannot lose >25%.,tested,
ab705be180,2026-09-30T05:39:07Z,short_vol_ts,SVXY_cap15_th0.9,"{""cap"": 0.15, ""exec"": ""next_open"", ""threshold"": 0.9}",SVXY,"yahoo chart API (adj close = dividend+split adjusted), fetched 2026-09-30",2011-11-01..2023-12-29,VALIDATION,1.0,2516,136,0.035643979930223724,0.5090187758751257,0.032065168895907305,-1.8830958856639815,17.814528514217955,-0.06924148797179863,0.6595951165388584,economic: variance risk premium - hedgers overpay for insurance (VIX futures roll down in contango); counterparty = hedgers. TAIL RISK: Feb-2018 one-day -83% in SVXY => weight capped so a repeat cannot lose >25%.,tested,
ab705be180,2026-09-30T05:39:07Z,short_vol_ts,SVXY_cap15_th0.9,"{""cap"": 0.15, ""exec"": ""next_open"", ""threshold"": 0.9}",SVXY,"yahoo chart API (adj close = dividend+split adjusted), fetched 2026-09-30",2011-11-01..2023-12-29,DEV+VAL,1.0,3060,171,0.046410269972084084,0.730136877953789,0.045994300050067716,-1.3767609433456829,14.363885630487932,-0.07073013925125893,0.7847996613918382,economic: variance risk premium - hedgers overpay for insurance (VIX futures roll down in contango); counterparty = hedgers. TAIL RISK: Feb-2018 one-day -83% in SVXY => weight capped so a repeat cannot lose >25%.,tested,
9c4e13c03b,2026-09-30T05:39:07Z,short_vol_ts,SVXY_cap15_th0.95,"{""cap"": 0.15, ""exec"": ""next_open"", ""threshold"": 0.95}",SVXY,"yahoo chart API (adj close = dividend+split adjusted), fetched 2026-09-30",2011-11-01..2023-12-29,DEVELOPMENT,1.0,544,22,0.12208091159196544,1.4085345350888774,0.0887293355450274,-0.7096055272733814,5.71025016080437,-0.06130276914008992,1.5679328336017864,economic: variance risk premium - hedgers overpay for insurance (VIX futures roll down in contango); counterparty = hedgers. TAIL RISK: Feb-2018 one-day -83% in SVXY => weight capped so a repeat cannot lose >25%.,tested,
9c4e13c03b,2026-09-30T05:39:07Z,short_vol_ts,SVXY_cap15_th0.95,"{""cap"": 0.15, ""exec"": ""next_open"", ""threshold"": 0.95}",SVXY,"yahoo chart API (adj close = dividend+split adjusted), fetched 2026-09-30",2011-11-01..2023-12-29,VALIDATION,1.0,2516,108,0.04079935744409924,0.4956557748315771,0.031223378954699534,-1.6050496521656505,12.040946368260581,-0.09583691858433452,0.6595951165388584,economic: variance risk premium - hedgers overpay for insurance (VIX futures roll down in contango); counterparty = hedgers. TAIL RISK: Feb-2018 one-day -83% in SVXY => weight capped so a repeat cannot lose >25%.,tested,
9c4e13c03b,2026-09-30T05:39:07Z,short_vol_ts,SVXY_cap15_th0.95,"{""cap"": 0.15, ""exec"": ""next_open"", ""threshold"": 0.95}",SVXY,"yahoo chart API (adj close = dividend+split adjusted), fetched 2026-09-30",2011-11-01..2023-12-29,DEV+VAL,1.0,3060,130,0.05480634264364159,0.7028106245366283,0.04427290788804543,-1.2774940677424496,10.03609672311972,-0.0958369185843354,0.7847996613918382,economic: variance risk premium - hedgers overpay for insurance (VIX futures roll down in contango); counterparty = hedgers. TAIL RISK: Feb-2018 one-day -83% in SVXY => weight capped so a repeat cannot lose >25%.,tested,
42a232e26b,2026-09-30T05:39:07Z,short_vol_ts,SVXY_cap15_th1.0,"{""cap"": 0.15, ""exec"": ""next_open"", ""threshold"": 1.0}",SVXY,"yahoo chart API (adj close = dividend+split adjusted), fetched 2026-09-30",2011-11-01..2023-12-29,DEVELOPMENT,1.0,544,9,0.11301705417374386,1.2452061237463228,0.07844061272494024,-0.7288960282528785,5.574415796347114,-0.06534356746669401,1.5679328336017864,economic: variance risk premium - hedgers overpay for insurance (VIX futures roll down in contango); counterparty = hedgers. TAIL RISK: Feb-2018 one-day -83% in SVXY => weight capped so a repeat cannot lose >25%.,tested,
42a232e26b,2026-09-30T05:39:07Z,short_vol_ts,SVXY_cap15_th1.0,"{""cap"": 0.15, ""exec"": ""next_open"", ""threshold"": 1.0}",SVXY,"yahoo chart API (adj close = dividend+split adjusted), fetched 2026-09-30",2011-11-01..2023-12-29,VALIDATION,1.0,2516,63,0.05849233507374163,0.720616954834358,0.04539460126258037,-1.3096022948866588,9.664201661950317,-0.09915353324464604,0.6595951165388584,economic: variance risk premium - hedgers overpay for insurance (VIX futures roll down in contango); counterparty = hedgers. TAIL RISK: Feb-2018 one-day -83% in SVXY => weight capped so a repeat cannot lose >25%.,tested,
42a232e26b,2026-09-30T05:39:07Z,short_vol_ts,SVXY_cap15_th1.0,"{""cap"": 0.15, ""exec"": ""next_open"", ""threshold"": 1.0}",SVXY,"yahoo chart API (adj close = dividend+split adjusted), fetched 2026-09-30",2011-11-01..2023-12-29,DEV+VAL,1.0,3060,72,0.06798654172708818,0.8335087301867934,0.05250611465894025,-1.116637721089063,8.548388268959199,-0.09915353324464626,0.7847996613918382,economic: variance risk premium - hedgers overpay for insurance (VIX futures roll down in contango); counterparty = hedgers. TAIL RISK: Feb-2018 one-day -83% in SVXY => weight capped so a repeat cannot lose >25%.,tested,
063596ff92,2026-09-30T05:39:07Z,short_vol_ts,SVXY_cap25_th0.9,"{""cap"": 0.25, ""exec"": ""next_open"", ""threshold"": 0.9}",SVXY,"yahoo chart API (adj close = dividend+split adjusted), fetched 2026-09-30",2011-11-01..2023-12-29,DEVELOPMENT,1.0,544,35,0.16676683721876184,1.524609122191959,0.09604134723572405,-0.40139158984176315,7.157203342058535,-0.07402413786199236,1.5679328336017864,economic: variance risk premium - hedgers overpay for insurance (VIX futures roll down in contango); counterparty = hedgers. TAIL RISK: Feb-2018 one-day -83% in SVXY => weight capped so a repeat cannot lose >25%.,tested,
063596ff92,2026-09-30T05:39:07Z,short_vol_ts,SVXY_cap25_th0.9,"{""cap"": 0.25, ""exec"": ""next_open"", ""threshold"": 0.9}",SVXY,"yahoo chart API (adj close = dividend+split adjusted), fetched 2026-09-30",2011-11-01..2023-12-29,VALIDATION,1.0,2516,136,0.05179133633094857,0.5318305243313762,0.0335021739765216,-1.8602391151727977,17.68286840016065,-0.11330716322324974,0.6595951165388584,economic: variance risk premium - hedgers overpay for insurance (VIX futures roll down in contango); counterparty = hedgers. TAIL RISK: Feb-2018 one-day -83% in SVXY => weight capped so a repeat cannot lose >25%.,tested,
063596ff92,2026-09-30T05:39:07Z,short_vol_ts,SVXY_cap25_th0.9,"{""cap"": 0.25, ""exec"": ""next_open"", ""threshold"": 0.9}",SVXY,"yahoo chart API (adj close = dividend+split adjusted), fetched 2026-09-30",2011-11-01..2023-12-29,DEV+VAL,1.0,3060,171,0.0713694932102642,0.7508490885022546,0.04729904667420221,-1.356684059051235,14.277262437989759,-0.11438784719058637,0.7847996613918382,economic: variance risk premium - hedgers overpay for insurance (VIX futures roll down in contango); counterparty = hedgers. TAIL RISK: Feb-2018 one-day -83% in SVXY => weight capped so a repeat cannot lose >25%.,tested,
b0f3d43841,2026-09-30T05:39:08Z,short_vol_ts,SVXY_cap25_th0.95,"{""cap"": 0.25, ""exec"": ""next_open"", ""threshold"": 0.95}",SVXY,"yahoo chart API (adj close = dividend+split adjusted), fetched 2026-09-30",2011-11-01..2023-12-29,DEVELOPMENT,1.0,544,22,0.20838460130738046,1.4200902003928908,0.0894572740361778,-0.7053025171258669,5.7073502901694555,-0.1010406089744239,1.5679328336017864,economic: variance risk premium - hedgers overpay for insurance (VIX futures roll down in contango); counterparty = hedgers. TAIL RISK: Feb-2018 one-day -83% in SVXY => weight capped so a repeat cannot lose >25%.,tested,
b0f3d43841,2026-09-30T05:39:08Z,short_vol_ts,SVXY_cap25_th0.95,"{""cap"": 0.25, ""exec"": ""next_open"", ""threshold"": 0.95}",SVXY,"yahoo chart API (adj close = dividend+split adjusted), fetched 2026-09-30",2011-11-01..2023-12-29,VALIDATION,1.0,2516,108,0.05986680838693692,0.5148170840622006,0.03243042797895278,-1.5866130044426212,11.949709802973857,-0.15574869483359077,0.6595951165388584,economic: variance risk premium - hedgers overpay for insurance (VIX futures roll down in contango); counterparty = hedgers. TAIL RISK: Feb-2018 one-day -83% in SVXY => weight capped so a repeat cannot lose >25%.,tested,
b0f3d43841,2026-09-30T05:39:08Z,short_vol_ts,SVXY_cap25_th0.95,"{""cap"": 0.25, ""exec"": ""next_open"", ""threshold"": 0.95}",SVXY,"yahoo chart API (adj close = dividend+split adjusted), fetched 2026-09-30",2011-11-01..2023-12-29,DEV+VAL,1.0,3060,130,0.08486682253995803,0.7200644152390564,0.04535979453975455,-1.2615848948173758,9.978470727472029,-0.15574869483359088,0.7847996613918382,economic: variance risk premium - hedgers overpay for insurance (VIX futures roll down in contango); counterparty = hedgers. TAIL RISK: Feb-2018 one-day -83% in SVXY => weight capped so a repeat cannot lose >25%.,tested,
2b95195772,2026-09-30T05:39:08Z,short_vol_ts,SVXY_cap25_th1.0,"{""cap"": 0.25, ""exec"": ""next_open"", ""threshold"": 1.0}",SVXY,"yahoo chart API (adj close = dividend+split adjusted), fetched 2026-09-30",2011-11-01..2023-12-29,DEVELOPMENT,1.0,544,9,0.19160830157321795,1.256320037227425,0.07914072346693274,-0.7224322354701809,5.550915905290121,-0.10750197347634416,1.5679328336017864,economic: variance risk premium - hedgers overpay for insurance (VIX futures roll down in contango); counterparty = hedgers. TAIL RISK: Feb-2018 one-day -83% in SVXY => weight capped so a repeat cannot lose >25%.,tested,
2b95195772,2026-09-30T05:39:08Z,short_vol_ts,SVXY_cap25_th1.0,"{""cap"": 0.25, ""exec"": ""next_open"", ""threshold"": 1.0}",SVXY,"yahoo chart API (adj close = dividend+split adjusted), fetched 2026-09-30",2011-11-01..2023-12-29,VALIDATION,1.0,2516,63,0.08967421631108263,0.7384154893690378,0.04651580355020316,-1.2928332689349245,9.597658776736749,-0.16227947122867736,0.6595951165388584,economic: variance risk premium - hedgers overpay for insurance (VIX futures roll down in contango); counterparty = hedgers. TAIL RISK: Feb-2018 one-day -83% in SVXY => weight capped so a repeat cannot lose >25%.,tested,
2b95195772,2026-09-30T05:39:08Z,short_vol_ts,SVXY_cap25_th1.0,"{""cap"": 0.25, ""exec"": ""next_open"", ""threshold"": 1.0}",SVXY,"yahoo chart API (adj close = dividend+split adjusted), fetched 2026-09-30",2011-11-01..2023-12-29,DEV+VAL,1.0,3060,72,0.10713607702691763,0.8496422882455267,0.053522433287179066,-1.1014745833095692,8.495250985276721,-0.16227947122867703,0.7847996613918382,economic: variance risk premium - hedgers overpay for insurance (VIX futures roll down in contango); counterparty = hedgers. TAIL RISK: Feb-2018 one-day -83% in SVXY => weight capped so a repeat cannot lose >25%.,tested,
11741d54a3,2026-09-30T05:39:08Z,crypto_trend,BTC_sma20,"{""exec"": ""next_open"", ""n"": 20}",BTC-USD,coinbase,2016-02-15..2023-12-31,DEVELOPMENT,1.0,1416,63,0.9698693114309926,1.4983925767054365,0.07842945200792173,1.0881076766546351,13.2605645633749,-0.46845648544472485,1.3286925243316248,economic: retail/flow-driven trends in a market with high frictions and few arbitrageurs; counterparty = late retail momentum chasers. Retail fees ~0.6%/side => only low-turnover rules can survive.,tested,
11741d54a3,2026-09-30T05:39:08Z,crypto_trend,BTC_sma20,"{""exec"": ""next_open"", ""n"": 20}",BTC-USD,coinbase,2016-02-15..2023-12-31,VALIDATION,1.0,1461,88,0.02671916707275024,0.24240851802671778,0.012688241737482515,0.7448510548240551,10.933522573497672,-0.8075301685407623,0.9747462763551277,economic: retail/flow-driven trends in a market with high frictions and few arbitrageurs; counterparty = late retail momentum chasers. Retail fees ~0.6%/side => only low-turnover rules can survive.,tested,
11741d54a3,2026-09-30T05:39:08Z,crypto_trend,BTC_sma20,"{""exec"": ""next_open"", ""n"": 20}",BTC-USD,coinbase,2016-02-15..2023-12-31,DEV+VAL,1.0,2877,151,0.41491845283010376,0.9103402620586559,0.04764938708585448,0.983828969248773,12.854330437081263,-0.8075301685407614,1.1576539089611468,economic: retail/flow-driven trends in a market with high frictions and few arbitrageurs; counterparty = late retail momentum chasers. Retail fees ~0.6%/side => only low-turnover rules can survive.,tested,
5d8173eaf9,2026-09-30T05:39:08Z,crypto_trend,BTC_sma50,"{""exec"": ""next_open"", ""n"": 50}",BTC-USD,coinbase,2016-02-15..2023-12-31,DEVELOPMENT,1.0,1416,30,1.069896392157216,1.5313067925856807,0.08015226080642358,0.7683717176572582,11.924758993570572,-0.6140403080038996,1.3286925243316248,economic: retail/flow-driven trends in a market with high frictions and few arbitrageurs; counterparty = late retail momentum chasers. Retail fees ~0.6%/side => only low-turnover rules can survive.,tested,
5d8173eaf9,2026-09-30T05:39:08Z,crypto_trend,BTC_sma50,"{""exec"": ""next_open"", ""n"": 50}",BTC-USD,coinbase,2016-02-15..2023-12-31,VALIDATION,1.0,1461,34,0.656797555031639,1.2785795739514063,0.06692391359413694,0.634066010303663,10.922475386129314,-0.6393071875302608,0.9747462763551277,economic: retail/flow-driven trends in a market with high frictions and few arbitrageurs; counterparty = late retail momentum chasers. Retail fees ~0.6%/side => only low-turnover rules can survive.,tested,
5d8173eaf9,2026-09-30T05:39:08Z,crypto_trend,BTC_sma50,"{""exec"": ""next_open"", ""n"": 50}",BTC-USD,coinbase,2016-02-15..2023-12-31,DEV+VAL,1.0,2877,64,0.8486424980582321,1.4086016098443865,0.07372957799916387,0.7408307929632475,12.127385799275295,-0.6393071875302604,1.1576539089611468,economic: retail/flow-driven trends in a market with high frictions and few arbitrageurs; counterparty = late retail momentum chasers. Retail fees ~0.6%/side => only low-turnover rules can survive.,tested,
9fa12abc4f,2026-09-30T05:39:08Z,crypto_trend,BTC_sma100,"{""exec"": ""next_open"", ""n"": 100}",BTC-USD,coinbase,2016-02-15..2023-12-31,DEVELOPMENT,1.0,1416,25,1.1258077400985935,1.4903641996228814,0.07800922754546329,0.8280583759651926,13.028061714433337,-0.6874400712706422,1.3286925243316248,economic: retail/flow-driven trends in a market with high frictions and few arbitrageurs; counterparty = late retail momentum chasers. Retail fees ~0.6%/side => only low-turnover rules can survive.,tested,
9fa12abc4f,2026-09-30T05:39:08Z,crypto_trend,BTC_sma100,"{""exec"": ""next_open"", ""n"": 100}",BTC-USD,coinbase,2016-02-15..2023-12-31,VALIDATION,1.0,1461,25,0.5157804248187658,1.0773063193508148,0.05638878995058289,0.5406593298214651,10.4533221534634,-0.4274188572882771,0.9747462763551277,economic: retail/flow-driven trends in a market with high frictions and few arbitrageurs; counterparty = late retail momentum chasers. Retail fees ~0.6%/side => only low-turnover rules can survive.,tested,
9fa12abc4f,2026-09-30T05:39:08Z,crypto_trend,BTC_sma100,"{""exec"": ""next_open"", ""n"": 100}",BTC-USD,coinbase,2016-02-15..2023-12-31,DEV+VAL,1.0,2877,50,0.7903229644250622,1.2968937595679808,0.06788252188158421,0.7788568369249715,13.390706290504754,-0.6874400712706422,1.1576539089611468,economic: retail/flow-driven trends in a market with high frictions and few arbitrageurs; counterparty = late retail momentum chasers. Retail fees ~0.6%/side => only low-turnover rules can survive.,tested,
67e746f43e,2026-09-30T05:39:08Z,crypto_trend,BTC_sma150,"{""exec"": ""next_open"", ""n"": 150}",BTC-USD,coinbase,2016-02-15..2023-12-31,DEVELOPMENT,1.0,1416,5,1.5273456171206052,1.7362458367515592,0.0908792606453429,0.7766159962787653,12.328638972395868,-0.6391330277052021,1.3286925243316248,economic: retail/flow-driven trends in a market with high frictions and few arbitrageurs; counterparty = late retail momentum chasers. Retail fees ~0.6%/side => only low-turnover rules can survive.,tested,
67e746f43e,2026-09-30T05:39:08Z,crypto_trend,BTC_sma150,"{""exec"": ""next_open"", ""n"": 150}",BTC-USD,coinbase,2016-02-15..2023-12-31,VALIDATION,1.0,1461,17,0.5617305606427103,1.1461870279804562,0.059994171020754945,0.5783691571906805,10.663667184514384,-0.47032230055432966,0.9747462763551277,economic: retail/flow-driven trends in a market with high frictions and few arbitrageurs; counterparty = late retail momentum chasers. Retail fees ~0.6%/side => only low-turnover rules can survive.,tested,
67e746f43e,2026-09-30T05:39:08Z,crypto_trend,BTC_sma150,"{""exec"": ""next_open"", ""n"": 150}",BTC-USD,coinbase,2016-02-15..2023-12-31,DEV+VAL,1.0,2877,22,0.9792488427485255,1.46487179102938,0.07667489389523499,0.7716393715409215,13.158242070654351,-0.6391330277052021,1.1576539089611468,economic: retail/flow-driven trends in a market with high frictions and few arbitrageurs; counterparty = late retail momentum chasers. Retail fees ~0.6%/side => only low-turnover rules can survive.,tested,
2e192884df,2026-09-30T05:39:08Z,crypto_trend,BTC_sma200,"{""exec"": ""next_open"", ""n"": 200}",BTC-USD,coinbase,2016-02-15..2023-12-31,DEVELOPMENT,1.0,1416,5,1.1931302819686276,1.5012804890809341,0.07858061225028971,0.563082309408916,11.511251707626563,-0.7189926894067644,1.3286925243316248,economic: retail/flow-driven trends in a market with high frictions and few arbitrageurs; counterparty = late retail momentum chasers. Retail fees ~0.6%/side => only low-turnover rules can survive.,tested,
2e192884df,2026-09-30T05:39:08Z,crypto_trend,BTC_sma200,"{""exec"": ""next_open"", ""n"": 200}",BTC-USD,coinbase,2016-02-15..2023-12-31,VALIDATION,1.0,1461,16,0.3754397539973613,0.8726298058777217,0.04567553159616538,0.34631628161971645,11.178096605039107,-0.6782554306615498,0.9747462763551277,economic: retail/flow-driven trends in a market with high frictions and few arbitrageurs; counterparty = late retail momentum chasers. Retail fees ~0.6%/side => only low-turnover rules can survive.,tested,
2e192884df,2026-09-30T05:39:08Z,crypto_trend,BTC_sma200,"{""exec"": ""next_open"", ""n"": 200}",BTC-USD,coinbase,2016-02-15..2023-12-31,DEV+VAL,1.0,2877,21,0.7304870764135878,1.2173104455795045,0.06371694084352651,0.5482087244547708,12.658777151220935,-0.7189926894067644,1.1576539089611468,economic: retail/flow-driven trends in a market with high frictions and few arbitrageurs; counterparty = late retail momentum chasers. Retail fees ~0.6%/side => only low-turnover rules can survive.,tested,
5882c84f89,2026-09-30T05:39:09Z,crypto_trend,BTC_mom90,"{""exec"": ""next_open"", ""n"": 90}",BTC-USD,coinbase,2016-02-15..2023-12-31,DEVELOPMENT,1.0,1416,22,1.443740354045572,1.6605820206392181,0.08691883550257629,0.7057614581329095,11.719583051143722,-0.6672378247957687,1.3286925243316248,economic: retail/flow-driven trends in a market with high frictions and few arbitrageurs; counterparty = late retail momentum chasers. Retail fees ~0.6%/side => only low-turnover rules can survive.,tested,
5882c84f89,2026-09-30T05:39:09Z,crypto_trend,BTC_mom90,"{""exec"": ""next_open"", ""n"": 90}",BTC-USD,coinbase,2016-02-15..2023-12-31,VALIDATION,1.0,1461,29,0.1287173409515998,0.4683032867509723,0.02451211433130836,-1.7313576882519293,38.85280964815867,-0.6344471164730495,0.9747462763551277,economic: retail/flow-driven trends in a market with high frictions and few arbitrageurs; counterparty = late retail momentum chasers. Retail fees ~0.6%/side => only low-turnover rules can survive.,tested,
5882c84f89,2026-09-30T05:39:09Z,crypto_trend,BTC_mom90,"{""exec"": ""next_open"", ""n"": 90}",BTC-USD,coinbase,2016-02-15..2023-12-31,DEV+VAL,1.0,2877,51,0.650807896812813,1.1223394501435693,0.05874593174718906,-0.04935407944858793,20.316386241757247,-0.6822403390282169,1.1576539089611468,economic: retail/flow-driven trends in a market with high frictions and few arbitrageurs; counterparty = late retail momentum chasers. Retail fees ~0.6%/side => only low-turnover rules can survive.,tested,
f2095007cf,2026-09-30T05:39:09Z,crypto_trend,BTC_mom180,"{""exec"": ""next_open"", ""n"": 180}",BTC-USD,coinbase,2016-02-15..2023-12-31,DEVELOPMENT,1.0,1416,3,1.1529115331625426,1.4357049804923654,0.07514823325716202,0.5693937378045002,10.182356051402943,-0.6631548788015884,1.3286925243316248,economic: retail/flow-driven trends in a market with high frictions and few arbitrageurs; counterparty = late retail momentum chasers. Retail fees ~0.6%/side => only low-turnover rules can survive.,tested,
f2095007cf,2026-09-30T05:39:09Z,crypto_trend,BTC_mom180,"{""exec"": ""next_open"", ""n"": 180}",BTC-USD,coinbase,2016-02-15..2023-12-31,VALIDATION,1.0,1461,19,0.3400788688373493,0.8047529309577011,0.042122693583785134,0.37612849674790294,10.568217094816388,-0.6889836026577105,0.9747462763551277,economic: retail/flow-driven trends in a market with high frictions and few arbitrageurs; counterparty = late retail momentum chasers. Retail fees ~0.6%/side => only low-turnover rules can survive.,tested,
f2095007cf,2026-09-30T05:39:09Z,crypto_trend,BTC_mom180,"{""exec"": ""next_open"", ""n"": 180}",BTC-USD,coinbase,2016-02-15..2023-12-31,DEV+VAL,1.0,2877,22,0.6922636785858876,1.1522710586967835,0.06031262374302489,0.5643185353246946,11.420553784313908,-0.6889836026577099,1.1576539089611468,economic: retail/flow-driven trends in a market with high frictions and few arbitrageurs; counterparty = late retail momentum chasers. Retail fees ~0.6%/side => only low-turnover rules can survive.,tested,
f3bd34fdc7,2026-09-30T05:39:09Z,crypto_weekend,BTC_weekend_hold,"{""exec"": ""next_open""}",BTC-USD,coinbase,2016-02-15..2023-12-31,DEVELOPMENT,1.0,1416,202,-0.31982778298598435,-0.9546692742633779,-0.04996967363112898,0.12608797593020388,21.647020515654393,-0.8154687969487361,1.3286925243316248,data-mining (weak; documented weekend effects are inconsistent),tested,
f3bd34fdc7,2026-09-30T05:39:09Z,crypto_weekend,BTC_weekend_hold,"{""exec"": ""next_open""}",BTC-USD,coinbase,2016-02-15..2023-12-31,VALIDATION,1.0,1461,209,-0.482977167095456,-2.5892785958383713,-0.1355290359312601,-0.3229972646241114,20.700161689097804,-0.9289282394007766,0.9747462763551277,data-mining (weak; documented weekend effects are inconsistent),tested,
f3bd34fdc7,2026-09-30T05:39:09Z,crypto_weekend,BTC_weekend_hold,"{""exec"": ""next_open""}",BTC-USD,coinbase,2016-02-15..2023-12-31,DEV+VAL,1.0,2877,411,-0.4082574553559254,-1.621117200717725,-0.08485315241781385,0.03190913091438952,23.824572576737317,-0.9862145867651562,1.1576539089611468,data-mining (weak; documented weekend effects are inconsistent),tested,
9da1efe13b,2026-09-30T05:39:09Z,crypto_weekend,BTC_weekday_hold,"{""exec"": ""next_open""}",BTC-USD,coinbase,2016-02-15..2023-12-31,DEVELOPMENT,1.0,1416,203,-0.23518825235839824,-0.07351686043451765,-0.003848048346515251,0.695440266282078,10.834218644513287,-0.9218896362778135,1.3286925243316248,data-mining,tested,
9da1efe13b,2026-09-30T05:39:09Z,crypto_weekend,BTC_weekday_hold,"{""exec"": ""next_open""}",BTC-USD,coinbase,2016-02-15..2023-12-31,VALIDATION,1.0,1461,208,-0.24692154399699784,-0.14728871749906083,-0.007709443826664028,-0.7614769212639285,19.053341538035145,-0.9357254639881976,0.9747462763551277,data-mining,tested,
9da1efe13b,2026-09-30T05:39:09Z,crypto_weekend,BTC_weekday_hold,"{""exec"": ""next_open""}",BTC-USD,coinbase,2016-02-15..2023-12-31,DEV+VAL,1.0,2877,411,-0.24116932856844775,-0.10959693177439196,-0.005736565593320427,0.03461817877629902,14.497305667999099,-0.9806722809047659,1.1576539089611468,data-mining,tested,
4163ff8265,2026-09-30T05:39:09Z,crypto_trend,ETH_sma20,"{""exec"": ""next_open"", ""n"": 20}",ETH-USD,coinbase,2017-01-01..2023-12-31,DEVELOPMENT,1.0,1095,44,2.9628249956232224,1.989263287135765,0.10412279928173047,1.844469749246672,14.714420832663937,-0.6563846255237317,1.3511719545833771,economic: retail/flow-driven trends in a market with high frictions and few arbitrageurs; counterparty = late retail momentum chasers. Retail fees ~0.6%/side => only low-turnover rules can survive.,tested,
4163ff8265,2026-09-30T05:39:09Z,crypto_trend,ETH_sma20,"{""exec"": ""next_open"", ""n"": 20}",ETH-USD,coinbase,2017-01-01..2023-12-31,VALIDATION,1.0,1461,81,0.4954358378567767,0.9190730406580248,0.04810648160881383,0.8254134190733816,10.939781515069514,-0.687065248117942,1.2441676729291122,economic: retail/flow-driven trends in a market with high frictions and few arbitrageurs; counterparty = late retail momentum chasers. Retail fees ~0.6%/side => only low-turnover rules can survive.,tested,
4163ff8265,2026-09-30T05:39:09Z,crypto_trend,ETH_sma20,"{""exec"": ""next_open"", ""n"": 20}",ETH-USD,coinbase,2017-01-01..2023-12-31,DEV+VAL,1.0,2556,125,1.2703047172512867,1.4421641495736273,0.07548632161888078,1.5829152123815071,15.164583249785132,-0.6870652481179429,1.287110148999719,economic: retail/flow-driven trends in a market with high frictions and few arbitrageurs; counterparty = late retail momentum chasers. Retail fees ~0.6%/side => only low-turnover rules can survive.,tested,
ec7fac0e18,2026-09-30T05:39:09Z,crypto_trend,ETH_sma50,"{""exec"": ""next_open"", ""n"": 50}",ETH-USD,coinbase,2017-01-01..2023-12-31,DEVELOPMENT,1.0,1095,25,2.2571675192031107,1.766775120585077,0.0924772363951439,1.7576092402523886,14.853620450233203,-0.6460499854792138,1.3511719545833771,economic: retail/flow-driven trends in a market with high frictions and few arbitrageurs; counterparty = late retail momentum chasers. Retail fees ~0.6%/side => only low-turnover rules can survive.,tested,
ec7fac0e18,2026-09-30T05:39:09Z,crypto_trend,ETH_sma50,"{""exec"": ""next_open"", ""n"": 50}",ETH-USD,coinbase,2017-01-01..2023-12-31,VALIDATION,1.0,1461,43,0.645416196019772,1.0659515720738564,0.05579445531461028,-0.04922105314987291,12.326034390784729,-0.644463606866636,1.2441676729291122,economic: retail/flow-driven trends in a market with high frictions and few arbitrageurs; counterparty = late retail momentum chasers. Retail fees ~0.6%/side => only low-turnover rules can survive.,tested,
ec7fac0e18,2026-09-30T05:39:09Z,crypto_trend,ETH_sma50,"{""exec"": ""next_open"", ""n"": 50}",ETH-USD,coinbase,2017-01-01..2023-12-31,DEV+VAL,1.0,2556,68,1.204575819212229,1.4010572029420711,0.0733346856937212,1.156235545848828,15.359822706661427,-0.6460499854792138,1.287110148999719,economic: retail/flow-driven trends in a market with high frictions and few arbitrageurs; counterparty = late retail momentum chasers. Retail fees ~0.6%/side => only low-turnover rules can survive.,tested,
22ad50ea22,2026-09-30T05:39:09Z,crypto_trend,ETH_sma100,"{""exec"": ""next_open"", ""n"": 100}",ETH-USD,coinbase,2017-01-01..2023-12-31,DEVELOPMENT,1.0,1095,20,2.0550847832139687,1.6648040582622066,0.08713982705197108,1.611217556639055,13.705947452057927,-0.660713061700567,1.3511719545833771,economic: retail/flow-driven trends in a market with high frictions and few arbitrageurs; counterparty = late retail momentum chasers. Retail fees ~0.6%/side => only low-turnover rules can survive.,tested,
22ad50ea22,2026-09-30T05:39:09Z,crypto_trend,ETH_sma100,"{""exec"": ""next_open"", ""n"": 100}",ETH-USD,coinbase,2017-01-01..2023-12-31,VALIDATION,1.0,1461,33,0.3366242595148601,0.7538887022273423,0.03946033817162811,-1.1384226028743922,21.329621473644174,-0.790468690686684,1.2441676729291122,economic: retail/flow-driven trends in a market with high frictions and few arbitrageurs; counterparty = late retail momentum chasers. Retail fees ~0.6%/side => only low-turnover rules can survive.,tested,
22ad50ea22,2026-09-30T05:39:09Z,crypto_trend,ETH_sma100,"{""exec"": ""next_open"", ""n"": 100}",ETH-USD,coinbase,2017-01-01..2023-12-31,DEV+VAL,1.0,2556,53,0.9046371645905245,1.1866096152848995,0.062109985941568656,0.5217173396535081,17.38678757133167,-0.7904686906866836,1.287110148999719,economic: retail/flow-driven trends in a market with high frictions and few arbitrageurs; counterparty = late retail momentum chasers. Retail fees ~0.6%/side => only low-turnover rules can survive.,tested,
6ffc76f953,2026-09-30T05:39:09Z,crypto_trend,ETH_sma150,"{""exec"": ""next_open"", ""n"": 150}",ETH-USD,coinbase,2017-01-01..2023-12-31,DEVELOPMENT,1.0,1095,15,2.330726855198393,1.7340980361070073,0.09076683962151158,1.5019534963805374,12.889024841232972,-0.6732196942991706,1.3511719545833771,economic: retail/flow-driven trends in a market with high frictions and few arbitrageurs; counterparty = late retail momentum chasers. Retail fees ~0.6%/side => only low-turnover rules can survive.,tested,
6ffc76f953,2026-09-30T05:39:09Z,crypto_trend,ETH_sma150,"{""exec"": ""next_open"", ""n"": 150}",ETH-USD,coinbase,2017-01-01..2023-12-31,VALIDATION,1.0,1461,19,0.6454729664271661,1.0402596741881953,0.054449679917600295,-0.9004038721940223,22.05321114270889,-0.6737572298198916,1.2441676729291122,economic: retail/flow-driven trends in a market with high frictions and few arbitrageurs; counterparty = late retail momentum chasers. Retail fees ~0.6%/side => only low-turnover rules can survive.,tested,
6ffc76f953,2026-09-30T05:39:09Z,crypto_trend,ETH_sma150,"{""exec"": ""next_open"", ""n"": 150}",ETH-USD,coinbase,2017-01-01..2023-12-31,DEV+VAL,1.0,2556,34,1.2258129224877874,1.3689616896244197,0.07165472974589404,0.5919279227764384,17.044933655285163,-0.7534061416443055,1.287110148999719,economic: retail/flow-driven trends in a market with high frictions and few arbitrageurs; counterparty = late retail momentum chasers. Retail fees ~0.6%/side => only low-turnover rules can survive.,tested,
53debf43b8,2026-09-30T05:39:09Z,crypto_trend,ETH_sma200,"{""exec"": ""next_open"", ""n"": 200}",ETH-USD,coinbase,2017-01-01..2023-12-31,DEVELOPMENT,1.0,1095,9,2.411137227318784,1.7469371423918487,0.09143886915892802,1.4462577845872788,12.119370253242202,-0.6831798401628495,1.3511719545833771,economic: retail/flow-driven trends in a market with high frictions and few arbitrageurs; counterparty = late retail momentum chasers. Retail fees ~0.6%/side => only low-turnover rules can survive.,tested,
53debf43b8,2026-09-30T05:39:09Z,crypto_trend,ETH_sma200,"{""exec"": ""next_open"", ""n"": 200}",ETH-USD,coinbase,2017-01-01..2023-12-31,VALIDATION,1.0,1461,11,0.8023319311598929,1.1666917816005058,0.06106743887791017,-0.8842178172272778,21.972736958472865,-0.677255511763319,1.2441676729291122,economic: retail/flow-driven trends in a market with high frictions and few arbitrageurs; counterparty = late retail momentum chasers. Retail fees ~0.6%/side => only low-turnover rules can survive.,tested,
53debf43b8,2026-09-30T05:39:09Z,crypto_trend,ETH_sma200,"{""exec"": ""next_open"", ""n"": 200}",ETH-USD,coinbase,2017-01-01..2023-12-31,DEV+VAL,1.0,2556,20,1.3688099172461867,1.4403151958526212,0.0753895429579471,0.5930275538990218,16.439772571112176,-0.8236287736423022,1.287110148999719,economic: retail/flow-driven trends in a market with high frictions and few arbitrageurs; counterparty = late retail momentum chasers. Retail fees ~0.6%/side => only low-turnover rules can survive.,tested,
adc07a0079,2026-09-30T05:49:56Z,vix_ts_filter,SPY_vixts_th0.95,"{""exec"": ""next_open"", ""threshold"": 0.95}",SPY,"yahoo chart API (adj close = dividend+split adjusted), fetched 2026-09-30",2006-09-01..2023-12-29,DEVELOPMENT,1.0,1845,85,0.08084887699205856,0.6545674013580917,0.04123387048388841,-0.4631454618011091,8.514619069107422,-0.2417844733703053,0.3686766003995561,economic: VIX term-structure backwardation marks stress/vol-clustering regimes in which the equity premium per unit of risk is poor and forced deleveraging is under way; counterparty = investors who stay fully exposed into stress.,tested,
adc07a0079,2026-09-30T05:49:56Z,vix_ts_filter,SPY_vixts_th0.95,"{""exec"": ""next_open"", ""threshold"": 0.95}",SPY,"yahoo chart API (adj close = dividend+split adjusted), fetched 2026-09-30",2006-09-01..2023-12-29,VALIDATION,1.0,2516,108,0.08932620447702022,0.6751451832624779,0.0425301488994201,-0.5004345407255814,8.616189218943168,-0.24289626814216703,0.6595951165388584,economic: VIX term-structure backwardation marks stress/vol-clustering regimes in which the equity premium per unit of risk is poor and forced deleveraging is under way; counterparty = investors who stay fully exposed into stress.,tested,
adc07a0079,2026-09-30T05:49:56Z,vix_ts_filter,SPY_vixts_th0.95,"{""exec"": ""next_open"", ""threshold"": 0.95}",SPY,"yahoo chart API (adj close = dividend+split adjusted), fetched 2026-09-30",2006-09-01..2023-12-29,DEV+VAL,1.0,4361,193,0.08573163323520094,0.6665513478426042,0.04198878815348666,-0.48623346658661604,8.601311026550903,-0.24289626814216736,0.5129149415548504,economic: VIX term-structure backwardation marks stress/vol-clustering regimes in which the equity premium per unit of risk is poor and forced deleveraging is under way; counterparty = investors who stay fully exposed into stress.,tested,
3ea1710e6c,2026-09-30T05:49:56Z,vix_ts_filter,SPY_vixts_th1.0,"{""exec"": ""next_open"", ""threshold"": 1.0}",SPY,"yahoo chart API (adj close = dividend+split adjusted), fetched 2026-09-30",2006-09-01..2023-12-29,DEVELOPMENT,1.0,1845,68,0.07898108737778031,0.5118651569904468,0.032244474052279926,-0.29677170428066546,6.441405157261813,-0.3397770871032758,0.3686766003995561,economic: VIX term-structure backwardation marks stress/vol-clustering regimes in which the equity premium per unit of risk is poor and forced deleveraging is under way; counterparty = investors who stay fully exposed into stress.,tested,
3ea1710e6c,2026-09-30T05:49:56Z,vix_ts_filter,SPY_vixts_th1.0,"{""exec"": ""next_open"", ""threshold"": 1.0}",SPY,"yahoo chart API (adj close = dividend+split adjusted), fetched 2026-09-30",2006-09-01..2023-12-29,VALIDATION,1.0,2516,63,0.10698569038987782,0.7257073558895487,0.04571526638795216,-0.4764249415280385,6.6185288075544095,-0.2953927881726166,0.6595951165388584,economic: VIX term-structure backwardation marks stress/vol-clustering regimes in which the equity premium per unit of risk is poor and forced deleveraging is under way; counterparty = investors who stay fully exposed into stress.,tested,
3ea1710e6c,2026-09-30T05:49:56Z,vix_ts_filter,SPY_vixts_th1.0,"{""exec"": ""next_open"", ""threshold"": 1.0}",SPY,"yahoo chart API (adj close = dividend+split adjusted), fetched 2026-09-30",2006-09-01..2023-12-29,DEV+VAL,1.0,4361,131,0.09505020599071567,0.6291286892492839,0.039631382247848575,-0.38986659633373927,6.59263868184784,-0.3397770871032758,0.5129149415548504,economic: VIX term-structure backwardation marks stress/vol-clustering regimes in which the equity premium per unit of risk is poor and forced deleveraging is under way; counterparty = investors who stay fully exposed into stress.,tested,
639ffe9530,2026-09-30T05:49:56Z,vix_ts_filter,SPY_vixts_th1.05,"{""exec"": ""next_open"", ""threshold"": 1.05}",SPY,"yahoo chart API (adj close = dividend+split adjusted), fetched 2026-09-30",2006-09-01..2023-12-29,DEVELOPMENT,1.0,1845,30,0.06913411140895964,0.4065373557401356,0.02560944623681418,-0.4333662807711206,8.115123221564676,-0.517444954850321,0.3686766003995561,economic: VIX term-structure backwardation marks stress/vol-clustering regimes in which the equity premium per unit of risk is poor and forced deleveraging is under way; counterparty = investors who stay fully exposed into stress.,tested,
639ffe9530,2026-09-30T05:49:56Z,vix_ts_filter,SPY_vixts_th1.05,"{""exec"": ""next_open"", ""threshold"": 1.05}",SPY,"yahoo chart API (adj close = dividend+split adjusted), fetched 2026-09-30",2006-09-01..2023-12-29,VALIDATION,1.0,2516,19,0.1168245406191668,0.7377579912248909,0.046474385060277,-0.5010883871686181,6.624190905257684,-0.24496400799085505,0.6595951165388584,economic: VIX term-structure backwardation marks stress/vol-clustering regimes in which the equity premium per unit of risk is poor and forced deleveraging is under way; counterparty = investors who stay fully exposed into stress.,tested,
639ffe9530,2026-09-30T05:49:56Z,vix_ts_filter,SPY_vixts_th1.05,"{""exec"": ""next_open"", ""threshold"": 1.05}",SPY,"yahoo chart API (adj close = dividend+split adjusted), fetched 2026-09-30",2006-09-01..2023-12-29,DEV+VAL,1.0,4361,49,0.09639397230153901,0.5802014384371289,0.03654925515301417,-0.4731758214579239,7.785046143790243,-0.517444954850321,0.5129149415548504,economic: VIX term-structure backwardation marks stress/vol-clustering regimes in which the equity premium per unit of risk is poor and forced deleveraging is under way; counterparty = investors who stay fully exposed into stress.,tested,
f7c7e5837a,2026-09-30T05:49:56Z,crypto_trend_voltarget,BTC_sma50_vt40,"{""exec"": ""next_open"", ""n"": 50, ""target"": 0.4}",BTC-USD,coinbase,2016-02-15..2023-12-31,DEVELOPMENT,1.0,1416,30,0.8171263867131673,1.900440203747662,0.09947358660937462,1.3784110567781986,18.736988144547624,-0.3528078066652377,1.3286925243316248,economic: retail/flow-driven trends in a market with high frictions and few arbitrageurs; counterparty = late retail momentum chasers. Retail fees ~0.6%/side => only low-turnover rules can survive. + sizing to cap drawdown (economic: risk is more predictable than ...),tested,
f7c7e5837a,2026-09-30T05:49:56Z,crypto_trend_voltarget,BTC_sma50_vt40,"{""exec"": ""next_open"", ""n"": 50, ""target"": 0.4}",BTC-USD,coinbase,2016-02-15..2023-12-31,VALIDATION,1.0,1461,34,0.39047499350934434,1.1451712832045022,0.059941004509256914,0.5162719858065523,12.0482086173069,-0.5326954292381301,0.9747462763551277,economic: retail/flow-driven trends in a market with high frictions and few arbitrageurs; counterparty = late retail momentum chasers. Retail fees ~0.6%/side => only low-turnover rules can survive. + sizing to cap drawdown (economic: risk is more predictable than ...),tested,
f7c7e5837a,2026-09-30T05:49:56Z,crypto_trend_voltarget,BTC_sma50_vt40,"{""exec"": ""next_open"", ""n"": 50, ""target"": 0.4}",BTC-USD,coinbase,2016-02-15..2023-12-31,DEV+VAL,1.0,2877,64,0.5862265986149258,1.5286705251803356,0.08001427226379333,0.9896253833522467,15.896403518566588,-0.5326954292381303,1.1576539089611468,economic: retail/flow-driven trends in a market with high frictions and few arbitrageurs; counterparty = late retail momentum chasers. Retail fees ~0.6%/side => only low-turnover rules can survive. + sizing to cap drawdown (economic: risk is more predictable than ...),tested,
b168deaae3,2026-09-30T05:49:56Z,crypto_trend_voltarget,BTC_sma50_vt60,"{""exec"": ""next_open"", ""n"": 50, ""target"": 0.6}",BTC-USD,coinbase,2016-02-15..2023-12-31,DEVELOPMENT,1.0,1416,30,0.9327782514934493,1.6968083632078401,0.08881500893541278,0.7792300286861953,12.729620070848204,-0.46663958331155186,1.3286925243316248,economic: retail/flow-driven trends in a market with high frictions and few arbitrageurs; counterparty = late retail momentum chasers. Retail fees ~0.6%/side => only low-turnover rules can survive. + sizing to cap drawdown (economic: risk is more predictable than ...),tested,
b168deaae3,2026-09-30T05:49:56Z,crypto_trend_voltarget,BTC_sma50_vt60,"{""exec"": ""next_open"", ""n"": 50, ""target"": 0.6}",BTC-USD,coinbase,2016-02-15..2023-12-31,VALIDATION,1.0,1461,34,0.5137442191153128,1.173438835982011,0.061420595844939856,0.4046329175684239,9.612686850980724,-0.6355636289903293,0.9747462763551277,economic: retail/flow-driven trends in a market with high frictions and few arbitrageurs; counterparty = late retail momentum chasers. Retail fees ~0.6%/side => only low-turnover rules can survive. + sizing to cap drawdown (economic: risk is more predictable than ...),tested,
b168deaae3,2026-09-30T05:49:56Z,crypto_trend_voltarget,BTC_sma50_vt60,"{""exec"": ""next_open"", ""n"": 50, ""target"": 0.6}",BTC-USD,coinbase,2016-02-15..2023-12-31,DEV+VAL,1.0,2877,64,0.7072112434579276,1.4389480206346337,0.07531798173640038,0.6114160463959327,11.412594458975741,-0.6355636289903306,1.1576539089611468,economic: retail/flow-driven trends in a market with high frictions and few arbitrageurs; counterparty = late retail momentum chasers. Retail fees ~0.6%/side => only low-turnover rules can survive. + sizing to cap drawdown (economic: risk is more predictable than ...),tested,
8b4b8d7c46,2026-09-30T05:49:56Z,crypto_trend_voltarget,BTC_sma150_vt40,"{""exec"": ""next_open"", ""n"": 150, ""target"": 0.4}",BTC-USD,coinbase,2016-02-15..2023-12-31,DEVELOPMENT,1.0,1416,5,0.9475196002545834,1.9779148691994402,0.10352879593858805,0.8847028633379613,17.37022046719449,-0.28849573025046027,1.3286925243316248,economic: retail/flow-driven trends in a market with high frictions and few arbitrageurs; counterparty = late retail momentum chasers. Retail fees ~0.6%/side => only low-turnover rules can survive. + sizing to cap drawdown (economic: risk is more predictable than ...),tested,
8b4b8d7c46,2026-09-30T05:49:56Z,crypto_trend_voltarget,BTC_sma150_vt40,"{""exec"": ""next_open"", ""n"": 150, ""target"": 0.4}",BTC-USD,coinbase,2016-02-15..2023-12-31,VALIDATION,1.0,1461,17,0.3368938624025857,1.0117302488670172,0.05295638154651473,0.5931844691882552,10.908485222121806,-0.3578918563037806,0.9747462763551277,economic: retail/flow-driven trends in a market with high frictions and few arbitrageurs; counterparty = late retail momentum chasers. Retail fees ~0.6%/side => only low-turnover rules can survive. + sizing to cap drawdown (economic: risk is more predictable than ...),tested,
8b4b8d7c46,2026-09-30T05:49:56Z,crypto_trend_voltarget,BTC_sma150_vt40,"{""exec"": ""next_open"", ""n"": 150, ""target"": 0.4}",BTC-USD,coinbase,2016-02-15..2023-12-31,DEV+VAL,1.0,2877,22,0.6088353779174043,1.5153912600881412,0.07931920376142616,0.7809522879156231,15.196108762159039,-0.3578918563037795,1.1576539089611468,economic: retail/flow-driven trends in a market with high frictions and few arbitrageurs; counterparty = late retail momentum chasers. Retail fees ~0.6%/side => only low-turnover rules can survive. + sizing to cap drawdown (economic: risk is more predictable than ...),tested,
ae778879a1,2026-09-30T05:49:56Z,crypto_trend_voltarget,BTC_sma150_vt60,"{""exec"": ""next_open"", ""n"": 150, ""target"": 0.6}",BTC-USD,coinbase,2016-02-15..2023-12-31,DEVELOPMENT,1.0,1416,5,1.184160390191598,1.847078546486561,0.09668050981342262,0.5667196380680117,12.979923454836653,-0.40775340471355526,1.3286925243316248,economic: retail/flow-driven trends in a market with high frictions and few arbitrageurs; counterparty = late retail momentum chasers. Retail fees ~0.6%/side => only low-turnover rules can survive. + sizing to cap drawdown (economic: risk is more predictable than ...),tested,
ae778879a1,2026-09-30T05:49:56Z,crypto_trend_voltarget,BTC_sma150_vt60,"{""exec"": ""next_open"", ""n"": 150, ""target"": 0.6}",BTC-USD,coinbase,2016-02-15..2023-12-31,VALIDATION,1.0,1461,17,0.4292789719515675,1.0259690990544272,0.05370167702834159,0.36685448189191505,9.0783241915018,-0.4789610335363591,0.9747462763551277,economic: retail/flow-driven trends in a market with high frictions and few arbitrageurs; counterparty = late retail momentum chasers. Retail fees ~0.6%/side => only low-turnover rules can survive. + sizing to cap drawdown (economic: risk is more predictable than ...),tested,
ae778879a1,2026-09-30T05:49:56Z,crypto_trend_voltarget,BTC_sma150_vt60,"{""exec"": ""next_open"", ""n"": 150, ""target"": 0.6}",BTC-USD,coinbase,2016-02-15..2023-12-31,DEV+VAL,1.0,2877,22,0.7610044624614669,1.455729930779331,0.07619638706004978,0.5014192210706815,11.799585013877373,-0.4789610335363592,1.1576539089611468,economic: retail/flow-driven trends in a market with high frictions and few arbitrageurs; counterparty = late retail momentum chasers. Retail fees ~0.6%/side => only low-turnover rules can survive. + sizing to cap drawdown (economic: risk is more predictable than ...),tested,
5f0960bb6e,2026-09-30T05:49:57Z,crypto_trend_voltarget,ETH_sma50_vt40,"{""exec"": ""next_open"", ""n"": 50, ""target"": 0.4}",ETH-USD,coinbase,2017-01-01..2023-12-31,DEVELOPMENT,1.0,1095,25,0.7365964166948518,1.740675537727569,0.09111112179141938,1.8661719706281337,19.04143617362448,-0.327595457362838,1.3511719545833771,economic: retail/flow-driven trends in a market with high frictions and few arbitrageurs; counterparty = late retail momentum chasers. Retail fees ~0.6%/side => only low-turnover rules can survive. + sizing to cap drawdown (economic: risk is more predictable than ...),tested,
5f0960bb6e,2026-09-30T05:49:57Z,crypto_trend_voltarget,ETH_sma50_vt40,"{""exec"": ""next_open"", ""n"": 50, ""target"": 0.4}",ETH-USD,coinbase,2017-01-01..2023-12-31,VALIDATION,1.0,1461,43,0.39210646397422666,1.0861235574065755,0.05685030528353869,0.6351862605772136,10.040095851898037,-0.4169207597732957,1.2441676729291122,economic: retail/flow-driven trends in a market with high frictions and few arbitrageurs; counterparty = late retail momentum chasers. Retail fees ~0.6%/side => only low-turnover rules can survive. + sizing to cap drawdown (economic: risk is more predictable than ...),tested,
5f0960bb6e,2026-09-30T05:49:57Z,crypto_trend_voltarget,ETH_sma50_vt40,"{""exec"": ""next_open"", ""n"": 50, ""target"": 0.4}",ETH-USD,coinbase,2017-01-01..2023-12-31,DEV+VAL,1.0,2556,68,0.530419681273911,1.3665133556253757,0.07152657808733498,1.1613864802900251,13.924745231123277,-0.4169207597732958,1.287110148999719,economic: retail/flow-driven trends in a market with high frictions and few arbitrageurs; counterparty = late retail momentum chasers. Retail fees ~0.6%/side => only low-turnover rules can survive. + sizing to cap drawdown (economic: risk is more predictable than ...),tested,
44b34b06c2,2026-09-30T05:49:57Z,crypto_trend_voltarget,ETH_sma50_vt60,"{""exec"": ""next_open"", ""n"": 50, ""target"": 0.6}",ETH-USD,coinbase,2017-01-01..2023-12-31,DEVELOPMENT,1.0,1095,25,1.1230115059539139,1.7336084293022709,0.09074121243008539,1.5095855662799762,15.444422629557131,-0.44926102547277924,1.3511719545833771,economic: retail/flow-driven trends in a market with high frictions and few arbitrageurs; counterparty = late retail momentum chasers. Retail fees ~0.6%/side => only low-turnover rules can survive. + sizing to cap drawdown (economic: risk is more predictable than ...),tested,
44b34b06c2,2026-09-30T05:49:57Z,crypto_trend_voltarget,ETH_sma50_vt60,"{""exec"": ""next_open"", ""n"": 50, ""target"": 0.6}",ETH-USD,coinbase,2017-01-01..2023-12-31,VALIDATION,1.0,1461,43,0.5488717756508363,1.1133461676047791,0.0582752018248475,0.431057236522712,9.833251065770781,-0.5460884148243148,1.2441676729291122,economic: retail/flow-driven trends in a market with high frictions and few arbitrageurs; counterparty = late retail momentum chasers. Retail fees ~0.6%/side => only low-turnover rules can survive. + sizing to cap drawdown (economic: risk is more predictable than ...),tested,
44b34b06c2,2026-09-30T05:49:57Z,crypto_trend_voltarget,ETH_sma50_vt60,"{""exec"": ""next_open"", ""n"": 50, ""target"": 0.6}",ETH-USD,coinbase,2017-01-01..2023-12-31,DEV+VAL,1.0,2556,68,0.7728816317753533,1.3836648775804425,0.07242432977734631,0.919061791857378,12.453044616739446,-0.5460884148243159,1.287110148999719,economic: retail/flow-driven trends in a market with high frictions and few arbitrageurs; counterparty = late retail momentum chasers. Retail fees ~0.6%/side => only low-turnover rules can survive. + sizing to cap drawdown (economic: risk is more predictable than ...),tested,
90f8e5c2a7,2026-09-30T05:49:57Z,crypto_trend_voltarget,ETH_sma150_vt40,"{""exec"": ""next_open"", ""n"": 150, ""target"": 0.4}",ETH-USD,coinbase,2017-01-01..2023-12-31,DEVELOPMENT,1.0,1095,15,0.7639961872244949,1.7763199113301054,0.09297683357635043,1.9178365557013486,17.552776391280823,-0.3245356632321982,1.3511719545833771,economic: retail/flow-driven trends in a market with high frictions and few arbitrageurs; counterparty = late retail momentum chasers. Retail fees ~0.6%/side => only low-turnover rules can survive. + sizing to cap drawdown (economic: risk is more predictable than ...),tested,
90f8e5c2a7,2026-09-30T05:49:57Z,crypto_trend_voltarget,ETH_sma150_vt40,"{""exec"": ""next_open"", ""n"": 150, ""target"": 0.4}",ETH-USD,coinbase,2017-01-01..2023-12-31,VALIDATION,1.0,1461,19,0.494303291172276,1.2662560778822332,0.06627887232888177,0.1739305822608012,11.842577574581776,-0.3005933138232185,1.2441676729291122,economic: retail/flow-driven trends in a market with high frictions and few arbitrageurs; counterparty = late retail momentum chasers. Retail fees ~0.6%/side => only low-turnover rules can survive. + sizing to cap drawdown (economic: risk is more predictable than ...),tested,
90f8e5c2a7,2026-09-30T05:49:57Z,crypto_trend_voltarget,ETH_sma150_vt40,"{""exec"": ""next_open"", ""n"": 150, ""target"": 0.4}",ETH-USD,coinbase,2017-01-01..2023-12-31,DEV+VAL,1.0,2556,34,0.6043866948162315,1.4817867515760335,0.0775602633952138,0.8888226944251125,14.197026168043486,-0.3245356632321982,1.287110148999719,economic: retail/flow-driven trends in a market with high frictions and few arbitrageurs; counterparty = late retail momentum chasers. Retail fees ~0.6%/side => only low-turnover rules can survive. + sizing to cap drawdown (economic: risk is more predictable than ...),tested,
75a28b0cb9,2026-09-30T05:49:57Z,crypto_trend_voltarget,ETH_sma150_vt60,"{""exec"": ""next_open"", ""n"": 150, ""target"": 0.6}",ETH-USD,coinbase,2017-01-01..2023-12-31,DEVELOPMENT,1.0,1095,15,1.1691225057768406,1.7628494980828842,0.09227175992227327,1.519692520269948,14.128494744088133,-0.45440651369569973,1.3511719545833771,economic: retail/flow-driven trends in a market with high frictions and few arbitrageurs; counterparty = late retail momentum chasers. Retail fees ~0.6%/side => only low-turnover rules can survive. + sizing to cap drawdown (economic: risk is more predictable than ...),tested,
75a28b0cb9,2026-09-30T05:49:57Z,crypto_trend_voltarget,ETH_sma150_vt60,"{""exec"": ""next_open"", ""n"": 150, ""target"": 0.6}",ETH-USD,coinbase,2017-01-01..2023-12-31,VALIDATION,1.0,1461,19,0.686725784490074,1.2651102387568378,0.06621889636791459,-0.08466926864672678,12.336733473868138,-0.43263839510261226,1.2441676729291122,economic: retail/flow-driven trends in a market with high frictions and few arbitrageurs; counterparty = late retail momentum chasers. Retail fees ~0.6%/side => only low-turnover rules can survive. + sizing to cap drawdown (economic: risk is more predictable than ...),tested,
75a28b0cb9,2026-09-30T05:49:57Z,crypto_trend_voltarget,ETH_sma150_vt60,"{""exec"": ""next_open"", ""n"": 150, ""target"": 0.6}",ETH-USD,coinbase,2017-01-01..2023-12-31,DEV+VAL,1.0,2556,34,0.8786381496479734,1.4791497979843027,0.07742223893594659,0.6088456153113843,13.15201793943685,-0.45440651369569973,1.287110148999719,economic: retail/flow-driven trends in a market with high frictions and few arbitrageurs; counterparty = late retail momentum chasers. Retail fees ~0.6%/side => only low-turnover rules can survive. + sizing to cap drawdown (economic: risk is more predictable than ...),tested,
cedb400156,2026-09-30T05:49:58Z,gtaa_invvol,gtaa5iv_sma170,"{""assets"": [""SPY"", ""EFA"", ""IEF"", ""GLD"", ""VNQ""], ""exec"": ""next_open"", ""n"": 170}",GTAA5,"yahoo chart API (adj close = dividend+split adjusted), fetched 2026-09-30",2006-01-03..2023-12-29,DEVELOPMENT,1.0,2013,29,0.09318692119122818,1.1382746122206562,0.07170456065796046,-0.17656673765903197,4.7557972693039705,-0.06574399169672585,0.3659575482723184,"economic: slow-moving institutional/behavioural under-reaction and forced de-risking create multi-month autocorrelation; counterparty = late/price-insensitive holders. Literature: Moskowitz-Ooi-Pedersen 2012, Faber 2007. + inverse-vol risk weighting",tested,
cedb400156,2026-09-30T05:49:58Z,gtaa_invvol,gtaa5iv_sma170,"{""assets"": [""SPY"", ""EFA"", ""IEF"", ""GLD"", ""VNQ""], ""exec"": ""next_open"", ""n"": 170}",GTAA5,"yahoo chart API (adj close = dividend+split adjusted), fetched 2026-09-30",2006-01-03..2023-12-29,VALIDATION,1.0,2516,57,0.03714480602227921,0.486427155977114,0.03064203061104451,-0.5227127456350226,6.94154699639625,-0.09020098682339228,0.6595951165388584,"economic: slow-moving institutional/behavioural under-reaction and forced de-risking create multi-month autocorrelation; counterparty = late/price-insensitive holders. Literature: Moskowitz-Ooi-Pedersen 2012, Faber 2007. + inverse-vol risk weighting",tested,
cedb400156,2026-09-30T05:49:58Z,gtaa_invvol,gtaa5iv_sma170,"{""assets"": [""SPY"", ""EFA"", ""IEF"", ""GLD"", ""VNQ""], ""exec"": ""next_open"", ""n"": 170}",GTAA5,"yahoo chart API (adj close = dividend+split adjusted), fetched 2026-09-30",2006-01-03..2023-12-29,DEV+VAL,1.0,4529,86,0.06169005375281422,0.8133293981769562,0.051234936227477525,-0.28282693372776824,5.8098513011504584,-0.09020098682339028,0.5086824814512749,"economic: slow-moving institutional/behavioural under-reaction and forced de-risking create multi-month autocorrelation; counterparty = late/price-insensitive holders. Literature: Moskowitz-Ooi-Pedersen 2012, Faber 2007. + inverse-vol risk weighting",tested,
5728af2301,2026-09-30T05:49:58Z,gtaa_invvol,gtaa5iv_sma210,"{""assets"": [""SPY"", ""EFA"", ""IEF"", ""GLD"", ""VNQ""], ""exec"": ""next_open"", ""n"": 210}",GTAA5,"yahoo chart API (adj close = dividend+split adjusted), fetched 2026-09-30",2006-01-03..2023-12-29,DEVELOPMENT,1.0,2013,23,0.08983081720585973,1.077490341953693,0.06787551154484327,-0.07651802828757846,5.0872544458455256,-0.061956296460697224,0.3659575482723184,"economic: slow-moving institutional/behavioural under-reaction and forced de-risking create multi-month autocorrelation; counterparty = late/price-insensitive holders. Literature: Moskowitz-Ooi-Pedersen 2012, Faber 2007. + inverse-vol risk weighting",tested,
5728af2301,2026-09-30T05:49:58Z,gtaa_invvol,gtaa5iv_sma210,"{""assets"": [""SPY"", ""EFA"", ""IEF"", ""GLD"", ""VNQ""], ""exec"": ""next_open"", ""n"": 210}",GTAA5,"yahoo chart API (adj close = dividend+split adjusted), fetched 2026-09-30",2006-01-03..2023-12-29,VALIDATION,1.0,2516,53,0.023997003197698374,0.22765253574517558,0.014340761783689924,-0.9329414401542052,12.740784329294698,-0.11665361666179497,0.6595951165388584,"economic: slow-moving institutional/behavioural under-reaction and forced de-risking create multi-month autocorrelation; counterparty = late/price-insensitive holders. Literature: Moskowitz-Ooi-Pedersen 2012, Faber 2007. + inverse-vol risk weighting",tested,
5728af2301,2026-09-30T05:49:58Z,gtaa_invvol,gtaa5iv_sma210,"{""assets"": [""SPY"", ""EFA"", ""IEF"", ""GLD"", ""VNQ""], ""exec"": ""next_open"", ""n"": 210}",GTAA5,"yahoo chart API (adj close = dividend+split adjusted), fetched 2026-09-30",2006-01-03..2023-12-29,DEV+VAL,1.0,4529,76,0.05275228656884168,0.6487901245298949,0.040869936251922104,-0.39443419841164534,8.076647934476409,-0.11665361666179486,0.5086824814512749,"economic: slow-moving institutional/behavioural under-reaction and forced de-risking create multi-month autocorrelation; counterparty = late/price-insensitive holders. Literature: Moskowitz-Ooi-Pedersen 2012, Faber 2007. + inverse-vol risk weighting",tested,
68660f8dc0,2026-09-30T05:49:58Z,gtaa_invvol,gtaa5iv_sma250,"{""assets"": [""SPY"", ""EFA"", ""IEF"", ""GLD"", ""VNQ""], ""exec"": ""next_open"", ""n"": 250}",GTAA5,"yahoo chart API (adj close = dividend+split adjusted), fetched 2026-09-30",2006-01-03..2023-12-29,DEVELOPMENT,1.0,2013,23,0.08703123085153686,1.037904999739457,0.06538186937669432,0.020076270031189093,6.220281004146487,-0.0644549218200553,0.3659575482723184,"economic: slow-moving institutional/behavioural under-reaction and forced de-risking create multi-month autocorrelation; counterparty = late/price-insensitive holders. Literature: Moskowitz-Ooi-Pedersen 2012, Faber 2007. + inverse-vol risk weighting",tested,
68660f8dc0,2026-09-30T05:49:58Z,gtaa_invvol,gtaa5iv_sma250,"{""assets"": [""SPY"", ""EFA"", ""IEF"", ""GLD"", ""VNQ""], ""exec"": ""next_open"", ""n"": 250}",GTAA5,"yahoo chart API (adj close = dividend+split adjusted), fetched 2026-09-30",2006-01-03..2023-12-29,VALIDATION,1.0,2516,51,0.024392024702456716,0.2369047564981938,0.014923596907203187,-0.9576283123955361,13.196777010588681,-0.11665361666179463,0.6595951165388584,"economic: slow-moving institutional/behavioural under-reaction and forced de-risking create multi-month autocorrelation; counterparty = late/price-insensitive holders. Literature: Moskowitz-Ooi-Pedersen 2012, Faber 2007. + inverse-vol risk weighting",tested,
68660f8dc0,2026-09-30T05:49:58Z,gtaa_invvol,gtaa5iv_sma250,"{""assets"": [""SPY"", ""EFA"", ""IEF"", ""GLD"", ""VNQ""], ""exec"": ""next_open"", ""n"": 250}",GTAA5,"yahoo chart API (adj close = dividend+split adjusted), fetched 2026-09-30",2006-01-03..2023-12-29,DEV+VAL,1.0,4529,74,0.051774765381734866,0.6362034656575178,0.04007705127064795,-0.3336708378750149,8.995502173366484,-0.11665361666179452,0.5086824814512749,"economic: slow-moving institutional/behavioural under-reaction and forced de-risking create multi-month autocorrelation; counterparty = late/price-insensitive holders. Literature: Moskowitz-Ooi-Pedersen 2012, Faber 2007. + inverse-vol risk weighting",tested,
4d3bd8e0bf,2026-09-30T05:56:12Z,pairs_z,GLD_SLV_lb60,"{""a"": ""GLD"", ""b"": ""SLV"", ""entry"": 2.0, ""exec"": ""next_open"", ""lookback"": 60}",GLD/SLV,"yahoo chart API (adj close = dividend+split adjusted), fetched 2026-09-30",2007-06-01..2023-12-29,DEVELOPMENT,1.0,1659,50,-0.03756807455016753,-0.4702551009906822,-0.029623286904307353,-0.3914138679871464,22.456054745276848,-0.33378443413395753,0.3026645657221075,"economic: near-substitute ETFs share factor exposure, so their price ratio mean-reverts when one leg is pushed by transient flow; counterparty = liquidity demanders. Weak post-2010 in the literature (crowded); shorting needs margin, borrow modelled at 1%/yr.",tested,
4d3bd8e0bf,2026-09-30T05:56:12Z,pairs_z,GLD_SLV_lb60,"{""a"": ""GLD"", ""b"": ""SLV"", ""entry"": 2.0, ""exec"": ""next_open"", ""lookback"": 60}",GLD/SLV,"yahoo chart API (adj close = dividend+split adjusted), fetched 2026-09-30",2007-06-01..2023-12-29,VALIDATION,1.0,2516,82,0.0027977163347323586,-0.11644543375727241,-0.00733537283406639,-1.1566634126679656,34.20193365472308,-0.3003409170134378,0.6595951165388584,"economic: near-substitute ETFs share factor exposure, so their price ratio mean-reverts when one leg is pushed by transient flow; counterparty = liquidity demanders. Weak post-2010 in the literature (crowded); shorting needs margin, borrow modelled at 1%/yr.",tested,
4d3bd8e0bf,2026-09-30T05:56:13Z,pairs_z,GLD_SLV_lb60,"{""a"": ""GLD"", ""b"": ""SLV"", ""entry"": 2.0, ""exec"": ""next_open"", ""lookback"": 60}",GLD/SLV,"yahoo chart API (adj close = dividend+split adjusted), fetched 2026-09-30",2007-06-01..2023-12-29,DEV+VAL,1.0,4175,132,-0.013441091799872518,-0.27823727126482894,-0.01752730060085608,-0.7304490505824736,28.412197142682032,-0.39982566617161386,0.4848875948474469,"economic: near-substitute ETFs share factor exposure, so their price ratio mean-reverts when one leg is pushed by transient flow; counterparty = liquidity demanders. Weak post-2010 in the literature (crowded); shorting needs margin, borrow modelled at 1%/yr.",tested,
b8d65d2d8d,2026-09-30T05:56:13Z,pairs_z,GLD_SLV_lb120,"{""a"": ""GLD"", ""b"": ""SLV"", ""entry"": 2.0, ""exec"": ""next_open"", ""lookback"": 120}",GLD/SLV,"yahoo chart API (adj close = dividend+split adjusted), fetched 2026-09-30",2007-06-01..2023-12-29,DEVELOPMENT,1.0,1659,22,-0.038735786242331094,-0.4390209302202374,-0.027655719088452123,0.21551596511912682,21.265467988314313,-0.35167960254979125,0.3026645657221075,"economic: near-substitute ETFs share factor exposure, so their price ratio mean-reverts when one leg is pushed by transient flow; counterparty = liquidity demanders. Weak post-2010 in the literature (crowded); shorting needs margin, borrow modelled at 1%/yr.",tested,
b8d65d2d8d,2026-09-30T05:56:13Z,pairs_z,GLD_SLV_lb120,"{""a"": ""GLD"", ""b"": ""SLV"", ""entry"": 2.0, ""exec"": ""next_open"", ""lookback"": 120}",GLD/SLV,"yahoo chart API (adj close = dividend+split adjusted), fetched 2026-09-30",2007-06-01..2023-12-29,VALIDATION,1.0,2516,48,0.021737945805748504,0.17019592927296776,0.010721335785995495,-0.3909703531929395,32.87989079696343,-0.1586135907123496,0.6595951165388584,"economic: near-substitute ETFs share factor exposure, so their price ratio mean-reverts when one leg is pushed by transient flow; counterparty = liquidity demanders. Weak post-2010 in the literature (crowded); shorting needs margin, borrow modelled at 1%/yr.",tested,
b8d65d2d8d,2026-09-30T05:56:13Z,pairs_z,GLD_SLV_lb120,"{""a"": ""GLD"", ""b"": ""SLV"", ""entry"": 2.0, ""exec"": ""next_open"", ""lookback"": 120}",GLD/SLV,"yahoo chart API (adj close = dividend+split adjusted), fetched 2026-09-30",2007-06-01..2023-12-29,DEV+VAL,1.0,4175,70,-0.0027348669616694687,-0.126492864852799,-0.00796830150058593,-0.00885773617755749,27.648936422561015,-0.35167960254979125,0.4848875948474469,"economic: near-substitute ETFs share factor exposure, so their price ratio mean-reverts when one leg is pushed by transient flow; counterparty = liquidity demanders. Weak post-2010 in the literature (crowded); shorting needs margin, borrow modelled at 1%/yr.",tested,
9be4dcda37,2026-09-30T05:56:13Z,pairs_z,EFA_EEM_lb60,"{""a"": ""EFA"", ""b"": ""EEM"", ""entry"": 2.0, ""exec"": ""next_open"", ""lookback"": 60}",EFA/EEM,"yahoo chart API (adj close = dividend+split adjusted), fetched 2026-09-30",2004-06-01..2023-12-29,DEVELOPMENT,1.0,2414,78,0.010374869108235707,-0.07052388146884417,-0.004442586948989482,2.1377896720805354,34.391901902082296,-0.09766005140244993,0.37701761195283023,"economic: near-substitute ETFs share factor exposure, so their price ratio mean-reverts when one leg is pushed by transient flow; counterparty = liquidity demanders. Weak post-2010 in the literature (crowded); shorting needs margin, borrow modelled at 1%/yr.",tested,
9be4dcda37,2026-09-30T05:56:13Z,pairs_z,EFA_EEM_lb60,"{""a"": ""EFA"", ""b"": ""EEM"", ""entry"": 2.0, ""exec"": ""next_open"", ""lookback"": 60}",EFA/EEM,"yahoo chart API (adj close = dividend+split adjusted), fetched 2026-09-30",2004-06-01..2023-12-29,VALIDATION,1.0,2516,92,0.018030194194294413,0.15321311098396975,0.009651518791860061,0.7487809616090612,10.381594623240424,-0.05451890398254289,0.6595951165388584,"economic: near-substitute ETFs share factor exposure, so their price ratio mean-reverts when one leg is pushed by transient flow; counterparty = liquidity demanders. Weak post-2010 in the literature (crowded); shorting needs margin, borrow modelled at 1%/yr.",tested,
9be4dcda37,2026-09-30T05:56:13Z,pairs_z,EFA_EEM_lb60,"{""a"": ""EFA"", ""b"": ""EEM"", ""entry"": 2.0, ""exec"": ""next_open"", ""lookback"": 60}",EFA/EEM,"yahoo chart API (adj close = dividend+split adjusted), fetched 2026-09-30",2004-06-01..2023-12-29,DEV+VAL,1.0,4930,170,0.014274504631049512,0.025397541466639837,0.0015998947293614204,1.8024047199710065,31.826729154784818,-0.13218085283058256,0.5080622995964288,"economic: near-substitute ETFs share factor exposure, so their price ratio mean-reverts when one leg is pushed by transient flow; counterparty = liquidity demanders. Weak post-2010 in the literature (crowded); shorting needs margin, borrow modelled at 1%/yr.",tested,
841e0006f7,2026-09-30T05:56:13Z,pairs_z,EFA_EEM_lb120,"{""a"": ""EFA"", ""b"": ""EEM"", ""entry"": 2.0, ""exec"": ""next_open"", ""lookback"": 120}",EFA/EEM,"yahoo chart API (adj close = dividend+split adjusted), fetched 2026-09-30",2004-06-01..2023-12-29,DEVELOPMENT,1.0,2414,48,0.006066108261795433,-0.11738108914257789,-0.007394313583170596,1.2596030480546823,28.983551171960784,-0.10558402373306264,0.37701761195283023,"economic: near-substitute ETFs share factor exposure, so their price ratio mean-reverts when one leg is pushed by transient flow; counterparty = liquidity demanders. Weak post-2010 in the literature (crowded); shorting needs margin, borrow modelled at 1%/yr.",tested,
841e0006f7,2026-09-30T05:56:13Z,pairs_z,EFA_EEM_lb120,"{""a"": ""EFA"", ""b"": ""EEM"", ""entry"": 2.0, ""exec"": ""next_open"", ""lookback"": 120}",EFA/EEM,"yahoo chart API (adj close = dividend+split adjusted), fetched 2026-09-30",2004-06-01..2023-12-29,VALIDATION,1.0,2516,56,0.028815600143151432,0.41413990890220476,0.026088362070051864,0.9296433637210368,10.814724444096585,-0.05056481260319645,0.6595951165388584,"economic: near-substitute ETFs share factor exposure, so their price ratio mean-reverts when one leg is pushed by transient flow; counterparty = liquidity demanders. Weak post-2010 in the literature (crowded); shorting needs margin, borrow modelled at 1%/yr.",tested,
841e0006f7,2026-09-30T05:56:13Z,pairs_z,EFA_EEM_lb120,"{""a"": ""EFA"", ""b"": ""EEM"", ""entry"": 2.0, ""exec"": ""next_open"", ""lookback"": 120}",EFA/EEM,"yahoo chart API (adj close = dividend+split adjusted), fetched 2026-09-30",2004-06-01..2023-12-29,DEV+VAL,1.0,4930,104,0.01761263063181029,0.09006162430269334,0.005673349061320416,1.2630028807798157,31.550646732032877,-0.1226386655806273,0.5080622995964288,"economic: near-substitute ETFs share factor exposure, so their price ratio mean-reverts when one leg is pushed by transient flow; counterparty = liquidity demanders. Weak post-2010 in the literature (crowded); shorting needs margin, borrow modelled at 1%/yr.",tested,
49ccd1bb70,2026-09-30T05:56:14Z,pairs_z,XLP_XLU_lb60,"{""a"": ""XLP"", ""b"": ""XLU"", ""entry"": 2.0, ""exec"": ""next_open"", ""lookback"": 60}",XLP/XLU,"yahoo chart API (adj close = dividend+split adjusted), fetched 2026-09-30",2000-06-01..2023-12-29,DEVELOPMENT,1.0,3417,128,0.026485591861877156,0.16302636126730513,0.010269695453834812,0.4019169208540334,31.04342718946186,-0.12138915915468618,0.19732458376143658,"economic: near-substitute ETFs share factor exposure, so their price ratio mean-reverts when one leg is pushed by transient flow; counterparty = liquidity demanders. Weak post-2010 in the literature (crowded); shorting needs margin, borrow modelled at 1%/yr.",tested,
49ccd1bb70,2026-09-30T05:56:14Z,pairs_z,XLP_XLU_lb60,"{""a"": ""XLP"", ""b"": ""XLU"", ""entry"": 2.0, ""exec"": ""next_open"", ""lookback"": 60}",XLP/XLU,"yahoo chart API (adj close = dividend+split adjusted), fetched 2026-09-30",2000-06-01..2023-12-29,VALIDATION,1.0,2516,106,0.05237316846532236,0.9380567294546199,0.059092019566845774,1.2419594626371802,15.65125014006442,-0.08153938275519368,0.6595951165388584,"economic: near-substitute ETFs share factor exposure, so their price ratio mean-reverts when one leg is pushed by transient flow; counterparty = liquidity demanders. Weak post-2010 in the literature (crowded); shorting needs margin, borrow modelled at 1%/yr.",tested,
49ccd1bb70,2026-09-30T05:56:14Z,pairs_z,XLP_XLU_lb60,"{""a"": ""XLP"", ""b"": ""XLU"", ""entry"": 2.0, ""exec"": ""next_open"", ""lookback"": 60}",XLP/XLU,"yahoo chart API (adj close = dividend+split adjusted), fetched 2026-09-30",2000-06-01..2023-12-29,DEV+VAL,1.0,5933,234,0.03738501669875638,0.42395963511291707,0.026706946677106328,0.5860183229380722,31.294202020788298,-0.12138915915468618,0.37335586986314373,"economic: near-substitute ETFs share factor exposure, so their price ratio mean-reverts when one leg is pushed by transient flow; counterparty = liquidity demanders. Weak post-2010 in the literature (crowded); shorting needs margin, borrow modelled at 1%/yr.",tested,
8565e008b3,2026-09-30T05:56:14Z,pairs_z,XLP_XLU_lb120,"{""a"": ""XLP"", ""b"": ""XLU"", ""entry"": 2.0, ""exec"": ""next_open"", ""lookback"": 120}",XLP/XLU,"yahoo chart API (adj close = dividend+split adjusted), fetched 2026-09-30",2000-06-01..2023-12-29,DEVELOPMENT,1.0,3417,72,0.03057855190488623,0.23106236607922354,0.014555560904566476,0.7827329486487776,31.357872713094192,-0.11071137006706477,0.19732458376143658,"economic: near-substitute ETFs share factor exposure, so their price ratio mean-reverts when one leg is pushed by transient flow; counterparty = liquidity demanders. Weak post-2010 in the literature (crowded); shorting needs margin, borrow modelled at 1%/yr.",tested,
8565e008b3,2026-09-30T05:56:14Z,pairs_z,XLP_XLU_lb120,"{""a"": ""XLP"", ""b"": ""XLU"", ""entry"": 2.0, ""exec"": ""next_open"", ""lookback"": 120}",XLP/XLU,"yahoo chart API (adj close = dividend+split adjusted), fetched 2026-09-30",2000-06-01..2023-12-29,VALIDATION,1.0,2516,64,0.05140051785472122,0.9382980869053509,0.0591072236571245,1.463605435979881,17.671508901151853,-0.05975942028460102,0.6595951165388584,"economic: near-substitute ETFs share factor exposure, so their price ratio mean-reverts when one leg is pushed by transient flow; counterparty = liquidity demanders. Weak post-2010 in the literature (crowded); shorting needs margin, borrow modelled at 1%/yr.",tested,
8565e008b3,2026-09-30T05:56:14Z,pairs_z,XLP_XLU_lb120,"{""a"": ""XLP"", ""b"": ""XLU"", ""entry"": 2.0, ""exec"": ""next_open"", ""lookback"": 120}",XLP/XLU,"yahoo chart API (adj close = dividend+split adjusted), fetched 2026-09-30",2000-06-01..2023-12-29,DEV+VAL,1.0,5933,136,0.03935766209191338,0.46379460981062615,0.029216314213598913,0.9442191429132801,32.44990485150671,-0.11071137006706477,0.37335586986314373,"economic: near-substitute ETFs share factor exposure, so their price ratio mean-reverts when one leg is pushed by transient flow; counterparty = liquidity demanders. Weak post-2010 in the literature (crowded); shorting needs margin, borrow modelled at 1%/yr.",tested,
6647cbffe4,2026-09-30T05:56:14Z,pairs_z,LQD_HYG_lb60,"{""a"": ""LQD"", ""b"": ""HYG"", ""entry"": 2.0, ""exec"": ""next_open"", ""lookback"": 60}",LQD/HYG,"yahoo chart API (adj close = dividend+split adjusted), fetched 2026-09-30",2008-06-02..2023-12-29,DEVELOPMENT,1.0,1407,56,0.02330180735583509,0.43804665654548114,0.02759434561577779,1.0374217010585403,25.255140701512033,-0.08554813524592508,0.40528340862244605,"economic: near-substitute ETFs share factor exposure, so their price ratio mean-reverts when one leg is pushed by transient flow; counterparty = liquidity demanders. Weak post-2010 in the literature (crowded); shorting needs margin, borrow modelled at 1%/yr.",tested,
6647cbffe4,2026-09-30T05:56:14Z,pairs_z,LQD_HYG_lb60,"{""a"": ""LQD"", ""b"": ""HYG"", ""entry"": 2.0, ""exec"": ""next_open"", ""lookback"": 60}",LQD/HYG,"yahoo chart API (adj close = dividend+split adjusted), fetched 2026-09-30",2008-06-02..2023-12-29,VALIDATION,1.0,2516,84,0.0040270545598870555,-0.25975565815416907,-0.016363068407567582,1.0379144194093066,36.954823263433305,-0.06486182465317425,0.6595951165388584,"economic: near-substitute ETFs share factor exposure, so their price ratio mean-reverts when one leg is pushed by transient flow; counterparty = liquidity demanders. Weak post-2010 in the literature (crowded); shorting needs margin, borrow modelled at 1%/yr.",tested,
6647cbffe4,2026-09-30T05:56:14Z,pairs_z,LQD_HYG_lb60,"{""a"": ""LQD"", ""b"": ""HYG"", ""entry"": 2.0, ""exec"": ""next_open"", ""lookback"": 60}",LQD/HYG,"yahoo chart API (adj close = dividend+split adjusted), fetched 2026-09-30",2008-06-02..2023-12-29,DEV+VAL,1.0,3923,140,0.010897907969655618,0.07234507801769384,0.0045573115479615135,1.1571981371290925,34.685870375740144,-0.08554813524592508,0.5400669210348017,"economic: near-substitute ETFs share factor exposure, so their price ratio mean-reverts when one leg is pushed by transient flow; counterparty = liquidity demanders. Weak post-2010 in the literature (crowded); shorting needs margin, borrow modelled at 1%/yr.",tested,
7d5a31b7da,2026-09-30T05:56:14Z,pairs_z,LQD_HYG_lb120,"{""a"": ""LQD"", ""b"": ""HYG"", ""entry"": 2.0, ""exec"": ""next_open"", ""lookback"": 120}",LQD/HYG,"yahoo chart API (adj close = dividend+split adjusted), fetched 2026-09-30",2008-06-02..2023-12-29,DEVELOPMENT,1.0,1407,36,0.014613892082198987,0.2619465284229648,0.016501080261997075,0.531417694781133,24.809370944005387,-0.12799997411172692,0.40528340862244605,"economic: near-substitute ETFs share factor exposure, so their price ratio mean-reverts when one leg is pushed by transient flow; counterparty = liquidity demanders. Weak post-2010 in the literature (crowded); shorting needs margin, borrow modelled at 1%/yr.",tested,
7d5a31b7da,2026-09-30T05:56:14Z,pairs_z,LQD_HYG_lb120,"{""a"": ""LQD"", ""b"": ""HYG"", ""entry"": 2.0, ""exec"": ""next_open"", ""lookback"": 120}",LQD/HYG,"yahoo chart API (adj close = dividend+split adjusted), fetched 2026-09-30",2008-06-02..2023-12-29,VALIDATION,1.0,2516,60,0.006646293076041587,-0.170895024996538,-0.010765374677119199,0.951249266102296,33.67884449719077,-0.06230769922272239,0.6595951165388584,"economic: near-substitute ETFs share factor exposure, so their price ratio mean-reverts when one leg is pushed by transient flow; counterparty = liquidity demanders. Weak post-2010 in the literature (crowded); shorting needs margin, borrow modelled at 1%/yr.",tested,
7d5a31b7da,2026-09-30T05:56:14Z,pairs_z,LQD_HYG_lb120,"{""a"": ""LQD"", ""b"": ""HYG"", ""entry"": 2.0, ""exec"": ""next_open"", ""lookback"": 120}",LQD/HYG,"yahoo chart API (adj close = dividend+split adjusted), fetched 2026-09-30",2008-06-02..2023-12-29,DEV+VAL,1.0,3923,96,0.0094966833275818,0.03754212387774601,0.0023649315111832327,0.7220917580933492,33.8291019836598,-0.12799997411172692,0.5400669210348017,"economic: near-substitute ETFs share factor exposure, so their price ratio mean-reverts when one leg is pushed by transient flow; counterparty = liquidity demanders. Weak post-2010 in the literature (crowded); shorting needs margin, borrow modelled at 1%/yr.",tested,
8d9f76629a,2026-09-30T05:56:15Z,pairs_z,IEF_TLT_lb60,"{""a"": ""IEF"", ""b"": ""TLT"", ""entry"": 2.0, ""exec"": ""next_open"", ""lookback"": 60}",IEF/TLT,"yahoo chart API (adj close = dividend+split adjusted), fetched 2026-09-30",2003-09-02..2023-12-29,DEVELOPMENT,1.0,2602,88,0.004875449721267966,-0.33694003784638343,-0.021225227306719566,-0.5137405714767966,16.93928522877149,-0.10916152469234086,0.41498937494528193,"economic: near-substitute ETFs share factor exposure, so their price ratio mean-reverts when one leg is pushed by transient flow; counterparty = liquidity demanders. Weak post-2010 in the literature (crowded); shorting needs margin, borrow modelled at 1%/yr.",tested,
8d9f76629a,2026-09-30T05:56:15Z,pairs_z,IEF_TLT_lb60,"{""a"": ""IEF"", ""b"": ""TLT"", ""entry"": 2.0, ""exec"": ""next_open"", ""lookback"": 60}",IEF/TLT,"yahoo chart API (adj close = dividend+split adjusted), fetched 2026-09-30",2003-09-02..2023-12-29,VALIDATION,1.0,2516,96,-0.005520058921922977,-0.488356263968869,-0.030763552991958105,0.036601817971193835,18.02109293723393,-0.09474382940857107,0.6595951165388584,"economic: near-substitute ETFs share factor exposure, so their price ratio mean-reverts when one leg is pushed by transient flow; counterparty = liquidity demanders. Weak post-2010 in the literature (crowded); shorting needs margin, borrow modelled at 1%/yr.",tested,
8d9f76629a,2026-09-30T05:56:15Z,pairs_z,IEF_TLT_lb60,"{""a"": ""IEF"", ""b"": ""TLT"", ""entry"": 2.0, ""exec"": ""next_open"", ""lookback"": 60}",IEF/TLT,"yahoo chart API (adj close = dividend+split adjusted), fetched 2026-09-30",2003-09-02..2023-12-29,DEV+VAL,1.0,5118,184,-0.0002484738030058553,-0.4169831883714161,-0.026267471841084935,-0.16951579724241345,18.391341684478405,-0.16220130955026624,0.5256170059825049,"economic: near-substitute ETFs share factor exposure, so their price ratio mean-reverts when one leg is pushed by transient flow; counterparty = liquidity demanders. Weak post-2010 in the literature (crowded); shorting needs margin, borrow modelled at 1%/yr.",tested,
073e7e209f,2026-09-30T05:56:15Z,pairs_z,IEF_TLT_lb120,"{""a"": ""IEF"", ""b"": ""TLT"", ""entry"": 2.0, ""exec"": ""next_open"", ""lookback"": 120}",IEF/TLT,"yahoo chart API (adj close = dividend+split adjusted), fetched 2026-09-30",2003-09-02..2023-12-29,DEVELOPMENT,1.0,2602,44,0.002223748644264223,-0.39579948469361365,-0.024933023941590894,-0.2833397797918096,14.2790581536589,-0.08070947889050228,0.41498937494528193,"economic: near-substitute ETFs share factor exposure, so their price ratio mean-reverts when one leg is pushed by transient flow; counterparty = liquidity demanders. Weak post-2010 in the literature (crowded); shorting needs margin, borrow modelled at 1%/yr.",tested,
073e7e209f,2026-09-30T05:56:15Z,pairs_z,IEF_TLT_lb120,"{""a"": ""IEF"", ""b"": ""TLT"", ""entry"": 2.0, ""exec"": ""next_open"", ""lookback"": 120}",IEF/TLT,"yahoo chart API (adj close = dividend+split adjusted), fetched 2026-09-30",2003-09-02..2023-12-29,VALIDATION,1.0,2516,48,-0.006584242636526794,-0.49085179406237056,-0.030920756611402936,-0.11176881845173671,17.990286034079446,-0.13230899415840647,0.6595951165388584,"economic: near-substitute ETFs share factor exposure, so their price ratio mean-reverts when one leg is pushed by transient flow; counterparty = liquidity demanders. Weak post-2010 in the literature (crowded); shorting needs margin, borrow modelled at 1%/yr.",tested,
073e7e209f,2026-09-30T05:56:15Z,pairs_z,IEF_TLT_lb120,"{""a"": ""IEF"", ""b"": ""TLT"", ""entry"": 2.0, ""exec"": ""next_open"", ""lookback"": 120}",IEF/TLT,"yahoo chart API (adj close = dividend+split adjusted), fetched 2026-09-30",2003-09-02..2023-12-29,DEV+VAL,1.0,5118,92,-0.0021159610462256895,-0.4450571890115233,-0.028035967650618072,-0.1822635880072661,17.31691074914857,-0.16620640607483272,0.5256170059825049,"economic: near-substitute ETFs share factor exposure, so their price ratio mean-reverts when one leg is pushed by transient flow; counterparty = liquidity demanders. Weak post-2010 in the literature (crowded); shorting needs margin, borrow modelled at 1%/yr.",tested,
752d8b7efa,2026-09-30T05:56:40Z,crypto_time_of_day,asia_00_08,"{""fee_bps_side"": 67.0, ""window_utc"": [0, 8]}",BTC-USD hourly (Coinbase),coinbase exchange candles 3600s,2016-02-15..2019-12-31,DEVELOPMENT,1.0,1416,1416,-0.9915828698245279,-11.357312930473912,-0.5944689284153211,0.36234637542892684,10.245286652742424,-0.9999999910716052,1.3286925243316263,"economic: crypto flow follows regional trading-session liquidity (equity-hours correlation, Asian retail); counterparty = session-agnostic holders. Weak prior; retail fees ~1.2%/day round trip make it near-impossible.",tested,
752d8b7efa,2026-09-30T05:56:40Z,crypto_time_of_day,asia_00_08,"{""fee_bps_side"": 67.0, ""window_utc"": [0, 8]}",BTC-USD hourly (Coinbase),coinbase exchange candles 3600s,2020-01-01..2023-12-31,VALIDATION,1.0,1461,1461,-0.9933884089204355,-14.411097667584531,-0.7543113269997775,-0.19154035816690573,10.306323817574597,-0.9999999981152569,0.974746276355128,"economic: crypto flow follows regional trading-session liquidity (equity-hours correlation, Asian retail); counterparty = session-agnostic holders. Weak prior; retail fees ~1.2%/day round trip make it near-impossible.",tested,
752d8b7efa,2026-09-30T05:56:40Z,crypto_time_of_day,asia_00_08,"{""fee_bps_side"": 67.0, ""window_utc"": [0, 8]}",BTC-USD hourly (Coinbase),coinbase exchange candles 3600s,2016-02-15..2023-12-31,DEV+VAL,1.0,2877,2877,-0.9925541384494259,-12.7167591716445,-0.6656255968257241,0.16688999818077846,10.617571372900251,-1.0,1.1576539089611477,"economic: crypto flow follows regional trading-session liquidity (equity-hours correlation, Asian retail); counterparty = session-agnostic holders. Weak prior; retail fees ~1.2%/day round trip make it near-impossible.",tested,
973d317929,2026-09-30T05:56:40Z,crypto_time_of_day,europe_08_16,"{""fee_bps_side"": 67.0, ""window_utc"": [8, 16]}",BTC-USD hourly (Coinbase),coinbase exchange candles 3600s,2016-02-15..2019-12-31,DEVELOPMENT,1.0,1416,1415,-0.9920310527145005,-9.362813315984141,-0.4900720472332305,0.8400755750143044,16.942101429311258,-0.9999999927791949,1.3286925243316263,"economic: crypto flow follows regional trading-session liquidity (equity-hours correlation, Asian retail); counterparty = session-agnostic holders. Weak prior; retail fees ~1.2%/day round trip make it near-impossible.",tested,
973d317929,2026-09-30T05:56:40Z,crypto_time_of_day,europe_08_16,"{""fee_bps_side"": 67.0, ""window_utc"": [8, 16]}",BTC-USD hourly (Coinbase),coinbase exchange candles 3600s,2020-01-01..2023-12-31,VALIDATION,1.0,1461,1461,-0.9906700437005727,-11.560375056687546,-0.605097685878546,-0.026140341191501958,10.700181043020347,-0.9999999925190549,0.974746276355128,"economic: crypto flow follows regional trading-session liquidity (equity-hours correlation, Asian retail); counterparty = session-agnostic holders. Weak prior; retail fees ~1.2%/day round trip make it near-impossible.",tested,
973d317929,2026-09-30T05:56:40Z,crypto_time_of_day,europe_08_16,"{""fee_bps_side"": 67.0, ""window_utc"": [8, 16]}",BTC-USD hourly (Coinbase),coinbase exchange candles 3600s,2016-02-15..2023-12-31,DEV+VAL,1.0,2877,2876,-0.9913667199468018,-10.283178458238488,-0.5382461605306376,0.5531209268262722,15.926649486661516,-1.0,1.1576539089611477,"economic: crypto flow follows regional trading-session liquidity (equity-hours correlation, Asian retail); counterparty = session-agnostic holders. Weak prior; retail fees ~1.2%/day round trip make it near-impossible.",tested,
b0b6755daf,2026-09-30T05:56:40Z,crypto_time_of_day,us_14_22,"{""fee_bps_side"": 67.0, ""window_utc"": [14, 22]}",BTC-USD hourly (Coinbase),coinbase exchange candles 3600s,2016-02-15..2019-12-31,DEVELOPMENT,1.0,1416,1416,-0.9906975138225103,-10.05465892123615,-0.5262849012860112,0.5626520387392888,12.185330930074278,-0.9999999868393498,1.3286925243316263,"economic: crypto flow follows regional trading-session liquidity (equity-hours correlation, Asian retail); counterparty = session-agnostic holders. Weak prior; retail fees ~1.2%/day round trip make it near-impossible.",tested,
b0b6755daf,2026-09-30T05:56:40Z,crypto_time_of_day,us_14_22,"{""fee_bps_side"": 67.0, ""window_utc"": [14, 22]}",BTC-USD hourly (Coinbase),coinbase exchange candles 3600s,2020-01-01..2023-12-31,VALIDATION,1.0,1461,1461,-0.9904050062605843,-11.241926630025414,-0.5884293334159285,0.21153669700533698,7.508044501990778,-0.9999999916314515,0.974746276355128,"economic: crypto flow follows regional trading-session liquidity (equity-hours correlation, Asian retail); counterparty = session-agnostic holders. Weak prior; retail fees ~1.2%/day round trip make it near-impossible.",tested,
b0b6755daf,2026-09-30T05:56:40Z,crypto_time_of_day,us_14_22,"{""fee_bps_side"": 67.0, ""window_utc"": [14, 22]}",BTC-USD hourly (Coinbase),coinbase exchange candles 3600s,2016-02-15..2023-12-31,DEV+VAL,1.0,2877,2877,-0.9905501042313859,-10.60918253109846,-0.5553099935903129,0.4155738621197816,10.460164644220209,-0.9999999999999999,1.1576539089611477,"economic: crypto flow follows regional trading-session liquidity (equity-hours correlation, Asian retail); counterparty = session-agnostic holders. Weak prior; retail fees ~1.2%/day round trip make it near-impossible.",tested,
